,Cell_Type,True_Label,Pred_Cluster
mouse1_lib1.final_cell_0001,beta,5,1
mouse1_lib1.final_cell_0003,delta,6,2
mouse1_lib1.final_cell_0004,schwann,13,3
mouse1_lib1.final_cell_0005,delta,6,2
mouse1_lib1.final_cell_0006,beta,5,1
mouse1_lib1.final_cell_0007,beta,5,1
mouse1_lib1.final_cell_0008,beta,5,1
mouse1_lib1.final_cell_0009,beta,5,1
mouse1_lib1.final_cell_0010,ductal,7,4
mouse1_lib1.final_cell_0011,ductal,7,4
mouse1_lib1.final_cell_0012,beta,5,1
mouse1_lib1.final_cell_0013,beta,5,1
mouse1_lib1.final_cell_0014,delta,6,2
mouse1_lib1.final_cell_0015,beta,5,1
mouse1_lib1.final_cell_0016,ductal,7,4
mouse1_lib1.final_cell_0017,beta,5,1
mouse1_lib1.final_cell_0018,quiescent_stellate,12,5
mouse1_lib1.final_cell_0019,ductal,7,4
mouse1_lib1.final_cell_0020,ductal,7,4
mouse1_lib1.final_cell_0021,beta,5,1
mouse1_lib1.final_cell_0022,beta,5,1
mouse1_lib1.final_cell_0023,beta,5,1
mouse1_lib1.final_cell_0024,delta,6,2
mouse1_lib1.final_cell_0025,quiescent_stellate,12,5
mouse1_lib1.final_cell_0026,endothelial,8,6
mouse1_lib1.final_cell_0027,ductal,7,4
mouse1_lib1.final_cell_0028,ductal,7,4
mouse1_lib1.final_cell_0029,beta,5,1
mouse1_lib1.final_cell_0030,ductal,7,4
mouse1_lib1.final_cell_0031,ductal,7,4
mouse1_lib1.final_cell_0032,ductal,7,4
mouse1_lib1.final_cell_0033,gamma,9,7
mouse1_lib1.final_cell_0034,beta,5,1
mouse1_lib1.final_cell_0035,beta,5,1
mouse1_lib1.final_cell_0036,ductal,7,4
mouse1_lib1.final_cell_0037,ductal,7,4
mouse1_lib1.final_cell_0038,ductal,7,4
mouse1_lib1.final_cell_0039,delta,6,2
mouse1_lib1.final_cell_0040,beta,5,1
mouse1_lib1.final_cell_0041,beta,5,1
mouse1_lib1.final_cell_0042,ductal,7,4
mouse1_lib1.final_cell_0043,delta,6,2
mouse1_lib1.final_cell_0044,endothelial,8,6
mouse1_lib1.final_cell_0045,beta,5,1
mouse1_lib1.final_cell_0046,beta,5,1
mouse1_lib1.final_cell_0047,alpha,4,7
mouse1_lib1.final_cell_0048,ductal,7,4
mouse1_lib1.final_cell_0049,beta,5,1
mouse1_lib1.final_cell_0050,ductal,7,4
mouse1_lib1.final_cell_0051,gamma,9,7
mouse1_lib1.final_cell_0052,beta,5,1
mouse1_lib1.final_cell_0053,ductal,7,4
mouse1_lib1.final_cell_0054,ductal,7,4
mouse1_lib1.final_cell_0055,ductal,7,4
mouse1_lib1.final_cell_0056,beta,5,1
mouse1_lib1.final_cell_0057,ductal,7,4
mouse1_lib1.final_cell_0058,endothelial,8,8
mouse1_lib1.final_cell_0059,ductal,7,4
mouse1_lib1.final_cell_0060,beta,5,1
mouse1_lib1.final_cell_0061,beta,5,1
mouse1_lib1.final_cell_0062,ductal,7,4
mouse1_lib1.final_cell_0063,ductal,7,4
mouse1_lib1.final_cell_0064,endothelial,8,6
mouse1_lib1.final_cell_0065,beta,5,1
mouse1_lib1.final_cell_0066,beta,5,1
mouse1_lib1.final_cell_0067,ductal,7,4
mouse1_lib1.final_cell_0068,beta,5,1
mouse1_lib1.final_cell_0069,endothelial,8,6
mouse1_lib1.final_cell_0070,ductal,7,4
mouse1_lib1.final_cell_0071,beta,5,1
mouse1_lib1.final_cell_0072,beta,5,1
mouse1_lib1.final_cell_0073,endothelial,8,6
mouse1_lib1.final_cell_0074,beta,5,1
mouse1_lib1.final_cell_0075,beta,5,1
mouse1_lib1.final_cell_0076,ductal,7,4
mouse1_lib1.final_cell_0077,beta,5,1
mouse1_lib1.final_cell_0078,ductal,7,4
mouse1_lib1.final_cell_0079,quiescent_stellate,12,5
mouse1_lib1.final_cell_0080,beta,5,1
mouse1_lib1.final_cell_0081,ductal,7,4
mouse1_lib1.final_cell_0082,ductal,7,4
mouse1_lib1.final_cell_0083,delta,6,2
mouse1_lib1.final_cell_0084,alpha,4,9
mouse1_lib1.final_cell_0085,ductal,7,4
mouse1_lib1.final_cell_0086,beta,5,1
mouse1_lib1.final_cell_0087,ductal,7,4
mouse1_lib1.final_cell_0088,ductal,7,4
mouse1_lib1.final_cell_0089,beta,5,1
mouse1_lib1.final_cell_0090,ductal,7,4
mouse1_lib1.final_cell_0091,delta,6,2
mouse1_lib1.final_cell_0092,endothelial,8,6
mouse1_lib1.final_cell_0093,beta,5,1
mouse1_lib1.final_cell_0094,beta,5,1
mouse1_lib1.final_cell_0095,ductal,7,4
mouse1_lib1.final_cell_0096,delta,6,2
mouse1_lib1.final_cell_0097,beta,5,1
mouse1_lib1.final_cell_0098,ductal,7,4
mouse1_lib1.final_cell_0099,ductal,7,4
mouse1_lib1.final_cell_0100,endothelial,8,10
mouse1_lib1.final_cell_0101,beta,5,1
mouse1_lib1.final_cell_0102,endothelial,8,6
mouse1_lib1.final_cell_0103,beta,5,1
mouse1_lib1.final_cell_0104,ductal,7,4
mouse1_lib1.final_cell_0105,quiescent_stellate,12,5
mouse1_lib1.final_cell_0106,beta,5,1
mouse1_lib1.final_cell_0107,quiescent_stellate,12,5
mouse1_lib1.final_cell_0108,beta,5,1
mouse1_lib1.final_cell_0109,beta,5,1
mouse1_lib1.final_cell_0110,quiescent_stellate,12,8
mouse1_lib1.final_cell_0111,delta,6,11
mouse1_lib1.final_cell_0112,macrophage,11,12
mouse1_lib1.final_cell_0113,beta,5,1
mouse1_lib1.final_cell_0114,beta,5,1
mouse1_lib1.final_cell_0115,endothelial,8,6
mouse1_lib1.final_cell_0116,macrophage,11,12
mouse1_lib1.final_cell_0117,beta,5,1
mouse1_lib1.final_cell_0118,beta,5,1
mouse1_lib1.final_cell_0119,beta,5,1
mouse1_lib1.final_cell_0120,endothelial,8,8
mouse1_lib1.final_cell_0121,beta,5,1
mouse1_lib1.final_cell_0122,delta,6,2
mouse1_lib1.final_cell_0123,beta,5,1
mouse1_lib1.final_cell_0124,macrophage,11,12
mouse1_lib1.final_cell_0125,beta,5,1
mouse1_lib1.final_cell_0126,quiescent_stellate,12,5
mouse1_lib1.final_cell_0127,ductal,7,4
mouse1_lib1.final_cell_0128,beta,5,1
mouse1_lib1.final_cell_0129,beta,5,1
mouse1_lib1.final_cell_0130,beta,5,1
mouse1_lib1.final_cell_0131,beta,5,1
mouse1_lib1.final_cell_0132,beta,5,1
mouse1_lib1.final_cell_0133,ductal,7,4
mouse1_lib1.final_cell_0134,beta,5,1
mouse1_lib1.final_cell_0135,ductal,7,4
mouse1_lib1.final_cell_0136,delta,6,2
mouse1_lib1.final_cell_0137,beta,5,1
mouse1_lib1.final_cell_0138,beta,5,1
mouse1_lib1.final_cell_0139,alpha,4,11
mouse1_lib1.final_cell_0140,ductal,7,4
mouse1_lib1.final_cell_0142,beta,5,1
mouse1_lib1.final_cell_0143,beta,5,1
mouse1_lib1.final_cell_0144,beta,5,1
mouse1_lib1.final_cell_0145,endothelial,8,6
mouse1_lib1.final_cell_0146,delta,6,2
mouse1_lib1.final_cell_0147,beta,5,1
mouse1_lib1.final_cell_0148,beta,5,1
mouse1_lib1.final_cell_0149,beta,5,1
mouse1_lib1.final_cell_0150,beta,5,1
mouse1_lib1.final_cell_0151,ductal,7,4
mouse1_lib1.final_cell_0152,beta,5,1
mouse1_lib1.final_cell_0153,ductal,7,4
mouse1_lib1.final_cell_0154,beta,5,1
mouse1_lib1.final_cell_0155,ductal,7,4
mouse1_lib1.final_cell_0156,delta,6,2
mouse1_lib1.final_cell_0157,endothelial,8,6
mouse1_lib1.final_cell_0158,beta,5,1
mouse1_lib1.final_cell_0159,ductal,7,4
mouse1_lib1.final_cell_0160,macrophage,11,12
mouse1_lib1.final_cell_0161,delta,6,2
mouse1_lib1.final_cell_0162,immune_other,10,13
mouse1_lib1.final_cell_0163,beta,5,1
mouse1_lib1.final_cell_0164,beta,5,1
mouse1_lib1.final_cell_0165,ductal,7,4
mouse1_lib1.final_cell_0166,delta,6,2
mouse1_lib1.final_cell_0167,gamma,9,7
mouse1_lib1.final_cell_0168,beta,5,1
mouse1_lib1.final_cell_0169,beta,5,1
mouse1_lib1.final_cell_0170,beta,5,1
mouse1_lib1.final_cell_0171,beta,5,1
mouse1_lib1.final_cell_0172,beta,5,1
mouse1_lib1.final_cell_0173,beta,5,1
mouse1_lib1.final_cell_0174,beta,5,1
mouse1_lib1.final_cell_0175,ductal,7,4
mouse1_lib1.final_cell_0176,ductal,7,4
mouse1_lib1.final_cell_0177,beta,5,1
mouse1_lib1.final_cell_0178,ductal,7,4
mouse1_lib1.final_cell_0179,beta,5,1
mouse1_lib1.final_cell_0180,beta,5,1
mouse1_lib1.final_cell_0181,beta,5,1
mouse1_lib1.final_cell_0182,endothelial,8,6
mouse1_lib1.final_cell_0183,ductal,7,4
mouse1_lib1.final_cell_0184,ductal,7,4
mouse1_lib1.final_cell_0185,ductal,7,4
mouse1_lib1.final_cell_0186,beta,5,2
mouse1_lib1.final_cell_0187,endothelial,8,6
mouse1_lib1.final_cell_0188,endothelial,8,6
mouse1_lib1.final_cell_0189,gamma,9,7
mouse1_lib1.final_cell_0190,beta,5,1
mouse1_lib1.final_cell_0191,beta,5,1
mouse1_lib1.final_cell_0192,ductal,7,4
mouse1_lib1.final_cell_0193,ductal,7,4
mouse1_lib1.final_cell_0194,ductal,7,4
mouse1_lib1.final_cell_0195,quiescent_stellate,12,5
mouse1_lib1.final_cell_0196,beta,5,1
mouse1_lib1.final_cell_0197,beta,5,1
mouse1_lib1.final_cell_0198,beta,5,1
mouse1_lib1.final_cell_0199,beta,5,1
mouse1_lib1.final_cell_0200,ductal,7,4
mouse1_lib1.final_cell_0201,ductal,7,4
mouse1_lib1.final_cell_0202,ductal,7,4
mouse1_lib1.final_cell_0203,endothelial,8,6
mouse1_lib1.final_cell_0204,endothelial,8,6
mouse1_lib1.final_cell_0205,delta,6,2
mouse1_lib1.final_cell_0206,beta,5,1
mouse1_lib1.final_cell_0207,quiescent_stellate,12,5
mouse1_lib1.final_cell_0208,endothelial,8,6
mouse1_lib1.final_cell_0209,beta,5,1
mouse1_lib1.final_cell_0210,ductal,7,4
mouse1_lib1.final_cell_0211,beta,5,1
mouse1_lib1.final_cell_0212,delta,6,2
mouse1_lib1.final_cell_0213,beta,5,1
mouse1_lib1.final_cell_0214,beta,5,1
mouse1_lib1.final_cell_0215,ductal,7,4
mouse1_lib1.final_cell_0217,delta,6,2
mouse1_lib1.final_cell_0218,beta,5,1
mouse1_lib1.final_cell_0219,beta,5,1
mouse1_lib1.final_cell_0220,delta,6,2
mouse1_lib1.final_cell_0221,ductal,7,4
mouse1_lib1.final_cell_0222,activated_stellate,3,3
mouse1_lib1.final_cell_0223,beta,5,1
mouse1_lib1.final_cell_0224,beta,5,1
mouse1_lib1.final_cell_0225,delta,6,2
mouse1_lib1.final_cell_0226,delta,6,2
mouse1_lib1.final_cell_0227,ductal,7,4
mouse1_lib1.final_cell_0228,gamma,9,7
mouse1_lib1.final_cell_0229,beta,5,1
mouse1_lib1.final_cell_0230,beta,5,1
mouse1_lib1.final_cell_0231,gamma,9,7
mouse1_lib1.final_cell_0232,ductal,7,4
mouse1_lib1.final_cell_0233,endothelial,8,6
mouse1_lib1.final_cell_0234,quiescent_stellate,12,5
mouse1_lib1.final_cell_0235,endothelial,8,6
mouse1_lib1.final_cell_0236,ductal,7,4
mouse1_lib1.final_cell_0237,quiescent_stellate,12,5
mouse1_lib1.final_cell_0238,ductal,7,4
mouse1_lib1.final_cell_0239,ductal,7,4
mouse1_lib1.final_cell_0240,beta,5,1
mouse1_lib1.final_cell_0241,beta,5,1
mouse1_lib1.final_cell_0242,delta,6,2
mouse1_lib1.final_cell_0243,beta,5,1
mouse1_lib1.final_cell_0244,ductal,7,4
mouse1_lib1.final_cell_0245,delta,6,2
mouse1_lib1.final_cell_0247,beta,5,1
mouse1_lib1.final_cell_0248,beta,5,1
mouse1_lib1.final_cell_0249,ductal,7,4
mouse1_lib1.final_cell_0250,ductal,7,4
mouse1_lib1.final_cell_0251,endothelial,8,6
mouse1_lib1.final_cell_0252,beta,5,1
mouse1_lib1.final_cell_0253,quiescent_stellate,12,5
mouse1_lib1.final_cell_0254,delta,6,2
mouse1_lib1.final_cell_0255,ductal,7,4
mouse1_lib1.final_cell_0256,ductal,7,4
mouse1_lib1.final_cell_0257,beta,5,1
mouse1_lib1.final_cell_0258,ductal,7,4
mouse1_lib1.final_cell_0259,beta,5,1
mouse1_lib1.final_cell_0260,ductal,7,4
mouse1_lib1.final_cell_0261,ductal,7,4
mouse1_lib1.final_cell_0262,ductal,7,4
mouse1_lib1.final_cell_0263,B_cell,1,13
mouse1_lib1.final_cell_0264,ductal,7,4
mouse1_lib1.final_cell_0265,T_cell,2,13
mouse1_lib1.final_cell_0266,ductal,7,4
mouse1_lib1.final_cell_0267,ductal,7,11
mouse1_lib1.final_cell_0268,beta,5,1
mouse1_lib1.final_cell_0269,ductal,7,4
mouse1_lib1.final_cell_0270,beta,5,1
mouse1_lib1.final_cell_0271,ductal,7,4
mouse1_lib1.final_cell_0272,ductal,7,4
mouse1_lib1.final_cell_0273,ductal,7,11
mouse1_lib1.final_cell_0274,ductal,7,4
mouse1_lib1.final_cell_0275,endothelial,8,6
mouse1_lib1.final_cell_0276,endothelial,8,6
mouse1_lib2.final_cell_0001,beta,5,1
mouse1_lib2.final_cell_0002,schwann,13,3
mouse1_lib2.final_cell_0003,delta,6,2
mouse1_lib2.final_cell_0004,alpha,4,9
mouse1_lib2.final_cell_0005,beta,5,1
mouse1_lib2.final_cell_0006,beta,5,1
mouse1_lib2.final_cell_0007,ductal,7,4
mouse1_lib2.final_cell_0008,beta,5,1
mouse1_lib2.final_cell_0009,alpha,4,9
mouse1_lib2.final_cell_0010,schwann,13,3
mouse1_lib2.final_cell_0011,ductal,7,4
mouse1_lib2.final_cell_0012,ductal,7,4
mouse1_lib2.final_cell_0013,ductal,7,4
mouse1_lib2.final_cell_0014,quiescent_stellate,12,5
mouse1_lib2.final_cell_0015,beta,5,1
mouse1_lib2.final_cell_0016,ductal,7,4
mouse1_lib2.final_cell_0017,ductal,7,4
mouse1_lib2.final_cell_0018,endothelial,8,6
mouse1_lib2.final_cell_0019,beta,5,1
mouse1_lib2.final_cell_0020,ductal,7,4
mouse1_lib2.final_cell_0021,ductal,7,4
mouse1_lib2.final_cell_0022,ductal,7,4
mouse1_lib2.final_cell_0023,ductal,7,4
mouse1_lib2.final_cell_0024,ductal,7,4
mouse1_lib2.final_cell_0025,beta,5,1
mouse1_lib2.final_cell_0026,ductal,7,4
mouse1_lib2.final_cell_0027,ductal,7,4
mouse1_lib2.final_cell_0028,ductal,7,4
mouse1_lib2.final_cell_0029,ductal,7,4
mouse1_lib2.final_cell_0030,ductal,7,4
mouse1_lib2.final_cell_0031,endothelial,8,8
mouse1_lib2.final_cell_0032,beta,5,1
mouse1_lib2.final_cell_0033,beta,5,1
mouse1_lib2.final_cell_0034,beta,5,1
mouse1_lib2.final_cell_0035,endothelial,8,10
mouse1_lib2.final_cell_0036,ductal,7,4
mouse1_lib2.final_cell_0037,beta,5,1
mouse1_lib2.final_cell_0038,beta,5,1
mouse1_lib2.final_cell_0039,beta,5,1
mouse1_lib2.final_cell_0040,ductal,7,4
mouse1_lib2.final_cell_0041,beta,5,1
mouse1_lib2.final_cell_0042,beta,5,1
mouse1_lib2.final_cell_0043,ductal,7,4
mouse1_lib2.final_cell_0044,beta,5,1
mouse1_lib2.final_cell_0045,ductal,7,4
mouse1_lib2.final_cell_0046,endothelial,8,6
mouse1_lib2.final_cell_0047,ductal,7,4
mouse1_lib2.final_cell_0048,endothelial,8,6
mouse1_lib2.final_cell_0049,beta,5,1
mouse1_lib2.final_cell_0050,endothelial,8,8
mouse1_lib2.final_cell_0051,ductal,7,4
mouse1_lib2.final_cell_0052,ductal,7,4
mouse1_lib2.final_cell_0053,beta,5,1
mouse1_lib2.final_cell_0054,ductal,7,4
mouse1_lib2.final_cell_0055,endothelial,8,6
mouse1_lib2.final_cell_0056,endothelial,8,8
mouse1_lib2.final_cell_0057,immune_other,10,13
mouse1_lib2.final_cell_0058,beta,5,1
mouse1_lib2.final_cell_0059,ductal,7,4
mouse1_lib2.final_cell_0060,beta,5,1
mouse1_lib2.final_cell_0061,beta,5,1
mouse1_lib2.final_cell_0062,beta,5,1
mouse1_lib2.final_cell_0063,beta,5,1
mouse1_lib2.final_cell_0064,delta,6,2
mouse1_lib2.final_cell_0065,beta,5,1
mouse1_lib2.final_cell_0066,ductal,7,4
mouse1_lib2.final_cell_0067,beta,5,1
mouse1_lib2.final_cell_0068,ductal,7,4
mouse1_lib2.final_cell_0069,endothelial,8,6
mouse1_lib2.final_cell_0070,beta,5,1
mouse1_lib2.final_cell_0071,ductal,7,4
mouse1_lib2.final_cell_0072,ductal,7,4
mouse1_lib2.final_cell_0073,beta,5,1
mouse1_lib2.final_cell_0074,beta,5,1
mouse1_lib2.final_cell_0075,beta,5,1
mouse1_lib2.final_cell_0076,beta,5,1
mouse1_lib2.final_cell_0077,ductal,7,4
mouse1_lib2.final_cell_0078,endothelial,8,6
mouse1_lib2.final_cell_0079,macrophage,11,12
mouse1_lib2.final_cell_0080,beta,5,1
mouse1_lib2.final_cell_0081,ductal,7,4
mouse1_lib2.final_cell_0082,beta,5,1
mouse1_lib2.final_cell_0083,ductal,7,4
mouse1_lib2.final_cell_0084,beta,5,1
mouse1_lib2.final_cell_0085,beta,5,7
mouse1_lib2.final_cell_0086,delta,6,2
mouse1_lib2.final_cell_0087,beta,5,1
mouse1_lib2.final_cell_0088,macrophage,11,12
mouse1_lib2.final_cell_0089,beta,5,1
mouse1_lib2.final_cell_0090,beta,5,1
mouse1_lib2.final_cell_0091,beta,5,1
mouse1_lib2.final_cell_0092,beta,5,1
mouse1_lib2.final_cell_0093,quiescent_stellate,12,5
mouse1_lib2.final_cell_0094,beta,5,1
mouse1_lib2.final_cell_0095,endothelial,8,6
mouse1_lib2.final_cell_0096,beta,5,1
mouse1_lib2.final_cell_0097,beta,5,1
mouse1_lib2.final_cell_0098,beta,5,1
mouse1_lib2.final_cell_0099,macrophage,11,12
mouse1_lib2.final_cell_0100,ductal,7,4
mouse1_lib2.final_cell_0101,beta,5,1
mouse1_lib2.final_cell_0102,endothelial,8,6
mouse1_lib2.final_cell_0103,beta,5,1
mouse1_lib2.final_cell_0104,beta,5,1
mouse1_lib2.final_cell_0105,delta,6,2
mouse1_lib2.final_cell_0106,macrophage,11,12
mouse1_lib2.final_cell_0107,ductal,7,11
mouse1_lib2.final_cell_0108,beta,5,1
mouse1_lib2.final_cell_0109,beta,5,1
mouse1_lib2.final_cell_0110,ductal,7,4
mouse1_lib2.final_cell_0111,beta,5,1
mouse1_lib2.final_cell_0112,beta,5,1
mouse1_lib2.final_cell_0113,delta,6,2
mouse1_lib2.final_cell_0114,quiescent_stellate,12,5
mouse1_lib2.final_cell_0115,beta,5,1
mouse1_lib2.final_cell_0116,beta,5,1
mouse1_lib2.final_cell_0117,ductal,7,4
mouse1_lib2.final_cell_0118,beta,5,1
mouse1_lib2.final_cell_0119,endothelial,8,6
mouse1_lib2.final_cell_0120,beta,5,1
mouse1_lib2.final_cell_0121,delta,6,2
mouse1_lib2.final_cell_0122,beta,5,1
mouse1_lib2.final_cell_0123,delta,6,2
mouse1_lib2.final_cell_0124,endothelial,8,6
mouse1_lib2.final_cell_0125,beta,5,1
mouse1_lib2.final_cell_0126,beta,5,1
mouse1_lib2.final_cell_0127,ductal,7,4
mouse1_lib2.final_cell_0128,gamma,9,7
mouse1_lib2.final_cell_0129,gamma,9,7
mouse1_lib2.final_cell_0130,ductal,7,4
mouse1_lib2.final_cell_0131,beta,5,1
mouse1_lib2.final_cell_0132,endothelial,8,6
mouse1_lib2.final_cell_0133,beta,5,1
mouse1_lib2.final_cell_0134,beta,5,1
mouse1_lib2.final_cell_0135,delta,6,2
mouse1_lib2.final_cell_0136,ductal,7,4
mouse1_lib2.final_cell_0137,beta,5,1
mouse1_lib2.final_cell_0138,delta,6,2
mouse1_lib2.final_cell_0139,endothelial,8,10
mouse1_lib2.final_cell_0140,gamma,9,7
mouse1_lib2.final_cell_0141,ductal,7,4
mouse1_lib2.final_cell_0142,macrophage,11,12
mouse1_lib2.final_cell_0143,quiescent_stellate,12,5
mouse1_lib2.final_cell_0144,ductal,7,4
mouse1_lib2.final_cell_0145,beta,5,1
mouse1_lib2.final_cell_0146,beta,5,1
mouse1_lib2.final_cell_0147,beta,5,1
mouse1_lib2.final_cell_0148,beta,5,1
mouse1_lib2.final_cell_0149,beta,5,1
mouse1_lib2.final_cell_0150,delta,6,2
mouse1_lib2.final_cell_0151,ductal,7,4
mouse1_lib2.final_cell_0152,beta,5,1
mouse1_lib2.final_cell_0153,ductal,7,4
mouse1_lib2.final_cell_0154,delta,6,2
mouse1_lib2.final_cell_0155,delta,6,2
mouse1_lib2.final_cell_0156,beta,5,1
mouse1_lib2.final_cell_0157,beta,5,1
mouse1_lib2.final_cell_0158,endothelial,8,6
mouse1_lib2.final_cell_0159,beta,5,1
mouse1_lib2.final_cell_0160,delta,6,2
mouse1_lib2.final_cell_0161,beta,5,1
mouse1_lib2.final_cell_0162,delta,6,2
mouse1_lib2.final_cell_0163,beta,5,1
mouse1_lib2.final_cell_0164,alpha,4,9
mouse1_lib2.final_cell_0165,ductal,7,4
mouse1_lib2.final_cell_0166,beta,5,1
mouse1_lib2.final_cell_0167,quiescent_stellate,12,5
mouse1_lib2.final_cell_0168,ductal,7,4
mouse1_lib2.final_cell_0169,beta,5,1
mouse1_lib2.final_cell_0170,endothelial,8,6
mouse1_lib2.final_cell_0171,ductal,7,4
mouse1_lib2.final_cell_0172,beta,5,1
mouse1_lib2.final_cell_0173,beta,5,1
mouse1_lib2.final_cell_0174,beta,5,1
mouse1_lib2.final_cell_0175,beta,5,1
mouse1_lib2.final_cell_0176,beta,5,1
mouse1_lib2.final_cell_0177,beta,5,1
mouse1_lib2.final_cell_0178,beta,5,1
mouse1_lib2.final_cell_0179,endothelial,8,6
mouse1_lib2.final_cell_0180,beta,5,1
mouse1_lib2.final_cell_0181,ductal,7,4
mouse1_lib2.final_cell_0182,beta,5,1
mouse1_lib2.final_cell_0183,endothelial,8,6
mouse1_lib2.final_cell_0184,beta,5,1
mouse1_lib2.final_cell_0185,beta,5,1
mouse1_lib2.final_cell_0186,macrophage,11,12
mouse1_lib2.final_cell_0187,beta,5,1
mouse1_lib2.final_cell_0188,delta,6,2
mouse1_lib2.final_cell_0189,beta,5,1
mouse1_lib2.final_cell_0190,beta,5,1
mouse1_lib2.final_cell_0191,beta,5,1
mouse1_lib2.final_cell_0192,beta,5,1
mouse1_lib2.final_cell_0193,beta,5,1
mouse1_lib2.final_cell_0194,ductal,7,4
mouse1_lib2.final_cell_0195,beta,5,1
mouse1_lib2.final_cell_0196,beta,5,1
mouse1_lib2.final_cell_0197,beta,5,1
mouse1_lib2.final_cell_0198,gamma,9,7
mouse1_lib2.final_cell_0199,beta,5,1
mouse1_lib2.final_cell_0200,endothelial,8,6
mouse1_lib2.final_cell_0201,macrophage,11,12
mouse1_lib2.final_cell_0202,endothelial,8,10
mouse1_lib2.final_cell_0203,beta,5,1
mouse1_lib2.final_cell_0204,beta,5,1
mouse1_lib2.final_cell_0205,ductal,7,4
mouse1_lib2.final_cell_0206,endothelial,8,6
mouse1_lib2.final_cell_0207,beta,5,1
mouse1_lib2.final_cell_0208,beta,5,1
mouse1_lib2.final_cell_0210,delta,6,2
mouse1_lib2.final_cell_0211,beta,5,1
mouse1_lib2.final_cell_0212,quiescent_stellate,12,5
mouse1_lib2.final_cell_0213,delta,6,2
mouse1_lib2.final_cell_0214,beta,5,1
mouse1_lib2.final_cell_0215,beta,5,1
mouse1_lib2.final_cell_0216,beta,5,1
mouse1_lib2.final_cell_0217,quiescent_stellate,12,5
mouse1_lib2.final_cell_0218,delta,6,2
mouse1_lib2.final_cell_0219,ductal,7,4
mouse1_lib2.final_cell_0220,ductal,7,4
mouse1_lib2.final_cell_0221,beta,5,1
mouse1_lib2.final_cell_0222,beta,5,1
mouse1_lib2.final_cell_0223,endothelial,8,6
mouse1_lib2.final_cell_0224,beta,5,1
mouse1_lib2.final_cell_0225,beta,5,1
mouse1_lib2.final_cell_0226,delta,6,2
mouse1_lib2.final_cell_0227,quiescent_stellate,12,5
mouse1_lib2.final_cell_0228,gamma,9,7
mouse1_lib2.final_cell_0229,delta,6,2
mouse1_lib2.final_cell_0230,beta,5,1
mouse1_lib2.final_cell_0231,delta,6,2
mouse1_lib2.final_cell_0232,beta,5,1
mouse1_lib2.final_cell_0233,ductal,7,4
mouse1_lib2.final_cell_0234,ductal,7,4
mouse1_lib2.final_cell_0235,beta,5,1
mouse1_lib2.final_cell_0237,delta,6,2
mouse1_lib2.final_cell_0238,beta,5,1
mouse1_lib2.final_cell_0239,endothelial,8,8
mouse1_lib2.final_cell_0240,delta,6,2
mouse1_lib2.final_cell_0241,delta,6,2
mouse1_lib2.final_cell_0242,beta,5,1
mouse1_lib2.final_cell_0243,delta,6,2
mouse1_lib2.final_cell_0244,alpha,4,7
mouse1_lib2.final_cell_0245,quiescent_stellate,12,5
mouse1_lib2.final_cell_0246,beta,5,1
mouse1_lib2.final_cell_0247,gamma,9,7
mouse1_lib2.final_cell_0248,endothelial,8,6
mouse1_lib2.final_cell_0249,delta,6,2
mouse1_lib2.final_cell_0250,ductal,7,4
mouse1_lib2.final_cell_0252,beta,5,1
mouse1_lib2.final_cell_0253,delta,6,2
mouse1_lib2.final_cell_0254,beta,5,1
mouse1_lib2.final_cell_0255,delta,6,2
mouse1_lib2.final_cell_0256,beta,5,1
mouse1_lib2.final_cell_0257,ductal,7,4
mouse1_lib2.final_cell_0258,endothelial,8,6
mouse1_lib2.final_cell_0259,endothelial,8,6
mouse1_lib2.final_cell_0260,ductal,7,4
mouse1_lib2.final_cell_0261,alpha,4,9
mouse1_lib2.final_cell_0262,delta,6,2
mouse1_lib2.final_cell_0263,delta,6,2
mouse1_lib2.final_cell_0264,beta,5,1
mouse1_lib2.final_cell_0265,beta,5,1
mouse1_lib2.final_cell_0266,endothelial,8,6
mouse1_lib2.final_cell_0267,beta,5,1
mouse1_lib2.final_cell_0268,beta,5,1
mouse1_lib2.final_cell_0269,activated_stellate,3,3
mouse1_lib2.final_cell_0271,ductal,7,4
mouse1_lib2.final_cell_0272,macrophage,11,12
mouse1_lib2.final_cell_0273,beta,5,1
mouse1_lib2.final_cell_0274,delta,6,2
mouse1_lib2.final_cell_0275,beta,5,1
mouse1_lib2.final_cell_0276,beta,5,1
mouse1_lib2.final_cell_0277,beta,5,1
mouse1_lib2.final_cell_0278,beta,5,1
mouse1_lib2.final_cell_0279,ductal,7,4
mouse1_lib2.final_cell_0280,ductal,7,4
mouse1_lib2.final_cell_0281,ductal,7,4
mouse1_lib2.final_cell_0282,ductal,7,4
mouse1_lib2.final_cell_0283,ductal,7,4
mouse1_lib2.final_cell_0284,ductal,7,4
mouse1_lib2.final_cell_0285,ductal,7,4
mouse1_lib2.final_cell_0287,quiescent_stellate,12,5
mouse1_lib2.final_cell_0288,delta,6,2
mouse1_lib2.final_cell_0289,endothelial,8,6
mouse1_lib2.final_cell_0290,ductal,7,4
mouse1_lib2.final_cell_0291,endothelial,8,6
mouse1_lib3.final_cell_0001,beta,5,1
mouse1_lib3.final_cell_0002,beta,5,1
mouse1_lib3.final_cell_0003,ductal,7,4
mouse1_lib3.final_cell_0004,delta,6,2
mouse1_lib3.final_cell_0005,alpha,4,9
mouse1_lib3.final_cell_0006,endothelial,8,6
mouse1_lib3.final_cell_0007,beta,5,1
mouse1_lib3.final_cell_0008,ductal,7,4
mouse1_lib3.final_cell_0009,beta,5,1
mouse1_lib3.final_cell_0010,ductal,7,4
mouse1_lib3.final_cell_0011,ductal,7,4
mouse1_lib3.final_cell_0012,ductal,7,4
mouse1_lib3.final_cell_0013,ductal,7,4
mouse1_lib3.final_cell_0014,ductal,7,4
mouse1_lib3.final_cell_0015,ductal,7,4
mouse1_lib3.final_cell_0016,ductal,7,4
mouse1_lib3.final_cell_0017,ductal,7,4
mouse1_lib3.final_cell_0018,beta,5,1
mouse1_lib3.final_cell_0019,ductal,7,4
mouse1_lib3.final_cell_0020,gamma,9,7
mouse1_lib3.final_cell_0021,delta,6,11
mouse1_lib3.final_cell_0022,beta,5,1
mouse1_lib3.final_cell_0023,beta,5,1
mouse1_lib3.final_cell_0024,delta,6,2
mouse1_lib3.final_cell_0025,ductal,7,4
mouse1_lib3.final_cell_0026,delta,6,2
mouse1_lib3.final_cell_0027,quiescent_stellate,12,5
mouse1_lib3.final_cell_0028,ductal,7,4
mouse1_lib3.final_cell_0029,ductal,7,4
mouse1_lib3.final_cell_0030,endothelial,8,6
mouse1_lib3.final_cell_0031,ductal,7,4
mouse1_lib3.final_cell_0032,beta,5,1
mouse1_lib3.final_cell_0033,ductal,7,4
mouse1_lib3.final_cell_0034,ductal,7,4
mouse1_lib3.final_cell_0035,ductal,7,4
mouse1_lib3.final_cell_0036,ductal,7,4
mouse1_lib3.final_cell_0037,ductal,7,4
mouse1_lib3.final_cell_0038,delta,6,2
mouse1_lib3.final_cell_0039,beta,5,1
mouse1_lib3.final_cell_0040,beta,5,1
mouse1_lib3.final_cell_0041,ductal,7,4
mouse1_lib3.final_cell_0042,endothelial,8,6
mouse1_lib3.final_cell_0043,endothelial,8,6
mouse1_lib3.final_cell_0044,delta,6,2
mouse1_lib3.final_cell_0045,delta,6,2
mouse1_lib3.final_cell_0046,ductal,7,4
mouse1_lib3.final_cell_0047,beta,5,1
mouse1_lib3.final_cell_0048,beta,5,1
mouse1_lib3.final_cell_0049,beta,5,1
mouse1_lib3.final_cell_0050,delta,6,2
mouse1_lib3.final_cell_0051,beta,5,1
mouse1_lib3.final_cell_0052,beta,5,1
mouse1_lib3.final_cell_0053,beta,5,1
mouse1_lib3.final_cell_0054,endothelial,8,10
mouse1_lib3.final_cell_0055,endothelial,8,6
mouse1_lib3.final_cell_0056,ductal,7,4
mouse1_lib3.final_cell_0057,quiescent_stellate,12,5
mouse1_lib3.final_cell_0058,beta,5,1
mouse1_lib3.final_cell_0059,beta,5,1
mouse1_lib3.final_cell_0060,beta,5,1
mouse1_lib3.final_cell_0061,beta,5,1
mouse1_lib3.final_cell_0062,beta,5,1
mouse1_lib3.final_cell_0063,ductal,7,4
mouse1_lib3.final_cell_0064,ductal,7,4
mouse1_lib3.final_cell_0065,beta,5,1
mouse1_lib3.final_cell_0066,beta,5,1
mouse1_lib3.final_cell_0067,ductal,7,4
mouse1_lib3.final_cell_0068,beta,5,1
mouse1_lib3.final_cell_0069,beta,5,1
mouse1_lib3.final_cell_0070,ductal,7,4
mouse1_lib3.final_cell_0071,ductal,7,4
mouse1_lib3.final_cell_0072,ductal,7,4
mouse1_lib3.final_cell_0073,ductal,7,4
mouse1_lib3.final_cell_0074,beta,5,1
mouse1_lib3.final_cell_0075,beta,5,1
mouse1_lib3.final_cell_0076,ductal,7,4
mouse1_lib3.final_cell_0077,beta,5,1
mouse1_lib3.final_cell_0078,activated_stellate,3,3
mouse1_lib3.final_cell_0079,immune_other,10,13
mouse1_lib3.final_cell_0080,beta,5,1
mouse1_lib3.final_cell_0081,beta,5,1
mouse1_lib3.final_cell_0082,ductal,7,4
mouse1_lib3.final_cell_0083,beta,5,1
mouse1_lib3.final_cell_0084,beta,5,1
mouse1_lib3.final_cell_0085,quiescent_stellate,12,5
mouse1_lib3.final_cell_0086,ductal,7,4
mouse1_lib3.final_cell_0087,ductal,7,4
mouse1_lib3.final_cell_0088,delta,6,2
mouse1_lib3.final_cell_0089,ductal,7,4
mouse1_lib3.final_cell_0090,ductal,7,4
mouse1_lib3.final_cell_0091,ductal,7,4
mouse1_lib3.final_cell_0092,beta,5,1
mouse1_lib3.final_cell_0093,beta,5,1
mouse1_lib3.final_cell_0094,beta,5,7
mouse1_lib3.final_cell_0095,quiescent_stellate,12,5
mouse1_lib3.final_cell_0096,endothelial,8,6
mouse1_lib3.final_cell_0097,macrophage,11,12
mouse1_lib3.final_cell_0098,beta,5,1
mouse1_lib3.final_cell_0099,ductal,7,4
mouse1_lib3.final_cell_0100,beta,5,1
mouse1_lib3.final_cell_0101,endothelial,8,10
mouse1_lib3.final_cell_0102,beta,5,1
mouse1_lib3.final_cell_0103,gamma,9,7
mouse1_lib3.final_cell_0104,endothelial,8,6
mouse1_lib3.final_cell_0105,beta,5,1
mouse1_lib3.final_cell_0106,beta,5,1
mouse1_lib3.final_cell_0107,beta,5,1
mouse1_lib3.final_cell_0109,T_cell,2,13
mouse1_lib3.final_cell_0110,beta,5,1
mouse1_lib3.final_cell_0111,beta,5,1
mouse1_lib3.final_cell_0112,beta,5,1
mouse1_lib3.final_cell_0113,beta,5,1
mouse1_lib3.final_cell_0114,delta,6,2
mouse1_lib3.final_cell_0115,beta,5,1
mouse1_lib3.final_cell_0116,endothelial,8,6
mouse1_lib3.final_cell_0117,beta,5,1
mouse1_lib3.final_cell_0118,beta,5,1
mouse1_lib3.final_cell_0119,ductal,7,4
mouse1_lib3.final_cell_0120,delta,6,2
mouse1_lib3.final_cell_0121,delta,6,2
mouse1_lib3.final_cell_0122,beta,5,1
mouse1_lib3.final_cell_0123,delta,6,2
mouse1_lib3.final_cell_0124,beta,5,1
mouse1_lib3.final_cell_0125,endothelial,8,6
mouse1_lib3.final_cell_0126,delta,6,2
mouse1_lib3.final_cell_0127,ductal,7,4
mouse1_lib3.final_cell_0128,endothelial,8,6
mouse1_lib3.final_cell_0129,beta,5,1
mouse1_lib3.final_cell_0130,beta,5,1
mouse1_lib3.final_cell_0131,beta,5,1
mouse1_lib3.final_cell_0132,beta,5,1
mouse1_lib3.final_cell_0133,delta,6,2
mouse1_lib3.final_cell_0134,ductal,7,4
mouse1_lib3.final_cell_0135,beta,5,1
mouse1_lib3.final_cell_0136,delta,6,2
mouse1_lib3.final_cell_0137,beta,5,1
mouse1_lib3.final_cell_0138,beta,5,1
mouse1_lib3.final_cell_0139,beta,5,1
mouse1_lib3.final_cell_0140,beta,5,1
mouse1_lib3.final_cell_0141,beta,5,1
mouse1_lib3.final_cell_0142,beta,5,1
mouse1_lib3.final_cell_0143,beta,5,1
mouse1_lib3.final_cell_0145,ductal,7,4
mouse1_lib3.final_cell_0146,beta,5,1
mouse1_lib3.final_cell_0147,beta,5,1
mouse1_lib3.final_cell_0148,quiescent_stellate,12,5
mouse1_lib3.final_cell_0149,ductal,7,4
mouse1_lib3.final_cell_0150,delta,6,2
mouse1_lib3.final_cell_0151,beta,5,1
mouse1_lib3.final_cell_0152,beta,5,1
mouse1_lib3.final_cell_0153,beta,5,1
mouse1_lib3.final_cell_0154,ductal,7,4
mouse1_lib3.final_cell_0155,beta,5,1
mouse1_lib3.final_cell_0156,ductal,7,4
mouse1_lib3.final_cell_0157,ductal,7,4
mouse1_lib3.final_cell_0158,ductal,7,4
mouse1_lib3.final_cell_0159,beta,5,1
mouse1_lib3.final_cell_0160,beta,5,1
mouse1_lib3.final_cell_0161,ductal,7,4
mouse1_lib3.final_cell_0162,delta,6,2
mouse1_lib3.final_cell_0163,endothelial,8,6
mouse1_lib3.final_cell_0164,ductal,7,4
mouse1_lib3.final_cell_0165,beta,5,1
mouse1_lib3.final_cell_0166,ductal,7,4
mouse1_lib3.final_cell_0167,ductal,7,11
mouse1_lib3.final_cell_0168,delta,6,2
mouse1_lib3.final_cell_0169,quiescent_stellate,12,5
mouse1_lib3.final_cell_0170,endothelial,8,6
mouse1_lib3.final_cell_0172,beta,5,1
mouse1_lib3.final_cell_0173,delta,6,2
mouse1_lib3.final_cell_0174,ductal,7,4
mouse1_lib3.final_cell_0175,ductal,7,4
mouse1_lib3.final_cell_0176,beta,5,1
mouse1_lib3.final_cell_0177,delta,6,2
mouse1_lib3.final_cell_0178,beta,5,1
mouse1_lib3.final_cell_0179,ductal,7,4
mouse1_lib3.final_cell_0180,ductal,7,4
mouse1_lib3.final_cell_0181,beta,5,1
mouse1_lib3.final_cell_0182,beta,5,1
mouse1_lib3.final_cell_0183,beta,5,1
mouse1_lib3.final_cell_0184,endothelial,8,6
mouse1_lib3.final_cell_0185,ductal,7,4
mouse1_lib3.final_cell_0186,beta,5,1
mouse1_lib3.final_cell_0187,macrophage,11,12
mouse1_lib3.final_cell_0188,beta,5,1
mouse1_lib3.final_cell_0189,beta,5,1
mouse1_lib3.final_cell_0190,ductal,7,4
mouse1_lib3.final_cell_0191,beta,5,1
mouse1_lib3.final_cell_0192,beta,5,1
mouse1_lib3.final_cell_0193,beta,5,1
mouse1_lib3.final_cell_0194,beta,5,1
mouse1_lib3.final_cell_0195,beta,5,1
mouse1_lib3.final_cell_0196,beta,5,1
mouse1_lib3.final_cell_0197,ductal,7,4
mouse1_lib3.final_cell_0198,beta,5,1
mouse1_lib3.final_cell_0199,beta,5,1
mouse1_lib3.final_cell_0200,immune_other,10,13
mouse1_lib3.final_cell_0201,beta,5,1
mouse1_lib3.final_cell_0202,macrophage,11,12
mouse1_lib3.final_cell_0203,quiescent_stellate,12,5
mouse1_lib3.final_cell_0204,ductal,7,4
mouse1_lib3.final_cell_0205,beta,5,1
mouse1_lib3.final_cell_0206,beta,5,1
mouse1_lib3.final_cell_0207,ductal,7,4
mouse1_lib3.final_cell_0208,delta,6,2
mouse1_lib3.final_cell_0209,ductal,7,4
mouse1_lib3.final_cell_0210,beta,5,1
mouse1_lib3.final_cell_0211,beta,5,1
mouse1_lib3.final_cell_0212,beta,5,1
mouse1_lib3.final_cell_0213,beta,5,1
mouse1_lib3.final_cell_0214,ductal,7,4
mouse1_lib3.final_cell_0215,ductal,7,4
mouse1_lib3.final_cell_0216,activated_stellate,3,3
mouse1_lib3.final_cell_0217,ductal,7,4
mouse1_lib3.final_cell_0218,ductal,7,4
mouse1_lib3.final_cell_0219,beta,5,1
mouse1_lib3.final_cell_0220,B_cell,1,13
mouse1_lib3.final_cell_0221,ductal,7,4
mouse1_lib3.final_cell_0222,macrophage,11,12
mouse1_lib3.final_cell_0223,delta,6,2
mouse1_lib3.final_cell_0224,beta,5,1
mouse1_lib3.final_cell_0225,macrophage,11,12
mouse1_lib3.final_cell_0227,beta,5,1
mouse1_lib3.final_cell_0228,ductal,7,11
mouse1_lib3.final_cell_0229,ductal,7,4
mouse1_lib3.final_cell_0230,T_cell,2,13
mouse1_lib3.final_cell_0231,ductal,7,4
mouse1_lib3.final_cell_0232,ductal,7,4
mouse1_lib3.final_cell_0233,beta,5,1
mouse1_lib3.final_cell_0234,ductal,7,11
mouse1_lib3.final_cell_0235,ductal,7,4
mouse1_lib3.final_cell_0236,ductal,7,4
mouse1_lib3.final_cell_0237,ductal,7,4
mouse1_lib3.final_cell_0238,beta,5,1
mouse1_lib3.final_cell_0239,ductal,7,4
mouse1_lib3.final_cell_0240,ductal,7,4
mouse1_lib3.final_cell_0241,ductal,7,4
mouse1_lib3.final_cell_0243,ductal,7,11
mouse1_lib3.final_cell_0244,ductal,7,4
mouse1_lib3.final_cell_0245,delta,6,2
mouse1_lib3.final_cell_0246,delta,6,2
mouse1_lib3.final_cell_0247,ductal,7,4
mouse1_lib3.final_cell_0248,endothelial,8,6
mouse1_lib3.final_cell_0249,ductal,7,11
mouse1_lib3.final_cell_0251,ductal,7,4
mouse1_lib3.final_cell_0252,ductal,7,11
mouse1_lib3.final_cell_0253,endothelial,8,10
mouse1_lib3.final_cell_0254,ductal,7,11
mouse2_lib1.final_cell_0002,beta,5,1
mouse2_lib1.final_cell_0003,beta,5,1
mouse2_lib1.final_cell_0005,beta,5,1
mouse2_lib1.final_cell_0006,beta,5,1
mouse2_lib1.final_cell_0008,beta,5,1
mouse2_lib1.final_cell_0009,delta,6,2
mouse2_lib1.final_cell_0010,beta,5,1
mouse2_lib1.final_cell_0011,beta,5,1
mouse2_lib1.final_cell_0012,beta,5,1
mouse2_lib1.final_cell_0013,alpha,4,9
mouse2_lib1.final_cell_0014,delta,6,2
mouse2_lib1.final_cell_0015,beta,5,1
mouse2_lib1.final_cell_0016,beta,5,1
mouse2_lib1.final_cell_0017,beta,5,1
mouse2_lib1.final_cell_0019,beta,5,1
mouse2_lib1.final_cell_0020,beta,5,1
mouse2_lib1.final_cell_0021,beta,5,1
mouse2_lib1.final_cell_0022,beta,5,1
mouse2_lib1.final_cell_0023,beta,5,1
mouse2_lib1.final_cell_0024,alpha,4,9
mouse2_lib1.final_cell_0025,beta,5,1
mouse2_lib1.final_cell_0026,beta,5,1
mouse2_lib1.final_cell_0027,beta,5,1
mouse2_lib1.final_cell_0028,beta,5,1
mouse2_lib1.final_cell_0029,beta,5,1
mouse2_lib1.final_cell_0031,beta,5,1
mouse2_lib1.final_cell_0032,beta,5,1
mouse2_lib1.final_cell_0033,delta,6,2
mouse2_lib1.final_cell_0034,delta,6,2
mouse2_lib1.final_cell_0035,alpha,4,9
mouse2_lib1.final_cell_0036,beta,5,1
mouse2_lib1.final_cell_0037,alpha,4,9
mouse2_lib1.final_cell_0038,beta,5,1
mouse2_lib1.final_cell_0039,gamma,9,9
mouse2_lib1.final_cell_0040,delta,6,2
mouse2_lib1.final_cell_0041,beta,5,1
mouse2_lib1.final_cell_0042,delta,6,2
mouse2_lib1.final_cell_0043,beta,5,1
mouse2_lib1.final_cell_0044,delta,6,2
mouse2_lib1.final_cell_0045,delta,6,2
mouse2_lib1.final_cell_0046,beta,5,1
mouse2_lib1.final_cell_0047,beta,5,1
mouse2_lib1.final_cell_0048,alpha,4,9
mouse2_lib1.final_cell_0049,beta,5,1
mouse2_lib1.final_cell_0050,beta,5,1
mouse2_lib1.final_cell_0051,beta,5,1
mouse2_lib1.final_cell_0052,beta,5,1
mouse2_lib1.final_cell_0053,alpha,4,9
mouse2_lib1.final_cell_0054,beta,5,1
mouse2_lib1.final_cell_0055,beta,5,1
mouse2_lib1.final_cell_0056,alpha,4,9
mouse2_lib1.final_cell_0057,beta,5,1
mouse2_lib1.final_cell_0058,beta,5,1
mouse2_lib1.final_cell_0059,delta,6,2
mouse2_lib1.final_cell_0060,delta,6,2
mouse2_lib1.final_cell_0061,beta,5,1
mouse2_lib1.final_cell_0062,alpha,4,9
mouse2_lib1.final_cell_0063,ductal,7,4
mouse2_lib1.final_cell_0064,delta,6,2
mouse2_lib1.final_cell_0065,beta,5,1
mouse2_lib1.final_cell_0066,beta,5,1
mouse2_lib1.final_cell_0067,alpha,4,9
mouse2_lib1.final_cell_0068,alpha,4,9
mouse2_lib1.final_cell_0069,beta,5,1
mouse2_lib1.final_cell_0070,alpha,4,9
mouse2_lib1.final_cell_0071,alpha,4,9
mouse2_lib1.final_cell_0072,alpha,4,9
mouse2_lib1.final_cell_0073,beta,5,1
mouse2_lib1.final_cell_0074,beta,5,1
mouse2_lib1.final_cell_0075,beta,5,1
mouse2_lib1.final_cell_0076,alpha,4,9
mouse2_lib1.final_cell_0077,beta,5,1
mouse2_lib1.final_cell_0078,endothelial,8,6
mouse2_lib1.final_cell_0079,beta,5,7
mouse2_lib1.final_cell_0080,beta,5,1
mouse2_lib1.final_cell_0081,beta,5,1
mouse2_lib1.final_cell_0082,delta,6,2
mouse2_lib1.final_cell_0083,B_cell,1,13
mouse2_lib1.final_cell_0084,alpha,4,9
mouse2_lib1.final_cell_0085,alpha,4,9
mouse2_lib1.final_cell_0086,ductal,7,4
mouse2_lib1.final_cell_0087,beta,5,1
mouse2_lib1.final_cell_0088,beta,5,1
mouse2_lib1.final_cell_0089,beta,5,1
mouse2_lib1.final_cell_0090,beta,5,1
mouse2_lib1.final_cell_0091,delta,6,2
mouse2_lib1.final_cell_0092,alpha,4,9
mouse2_lib1.final_cell_0093,beta,5,1
mouse2_lib1.final_cell_0094,beta,5,1
mouse2_lib1.final_cell_0095,beta,5,1
mouse2_lib1.final_cell_0096,beta,5,1
mouse2_lib1.final_cell_0097,delta,6,2
mouse2_lib1.final_cell_0098,delta,6,2
mouse2_lib1.final_cell_0099,delta,6,2
mouse2_lib1.final_cell_0100,delta,6,2
mouse2_lib1.final_cell_0101,beta,5,1
mouse2_lib1.final_cell_0102,beta,5,7
mouse2_lib1.final_cell_0103,beta,5,1
mouse2_lib1.final_cell_0104,delta,6,2
mouse2_lib1.final_cell_0105,beta,5,1
mouse2_lib1.final_cell_0106,beta,5,1
mouse2_lib1.final_cell_0107,alpha,4,9
mouse2_lib1.final_cell_0108,beta,5,1
mouse2_lib1.final_cell_0109,delta,6,2
mouse2_lib1.final_cell_0110,gamma,9,9
mouse2_lib1.final_cell_0111,beta,5,1
mouse2_lib1.final_cell_0112,delta,6,2
mouse2_lib1.final_cell_0113,beta,5,1
mouse2_lib1.final_cell_0114,beta,5,1
mouse2_lib1.final_cell_0115,beta,5,1
mouse2_lib1.final_cell_0116,delta,6,2
mouse2_lib1.final_cell_0117,beta,5,1
mouse2_lib1.final_cell_0118,gamma,9,9
mouse2_lib1.final_cell_0119,gamma,9,7
mouse2_lib1.final_cell_0120,ductal,7,4
mouse2_lib1.final_cell_0121,beta,5,1
mouse2_lib1.final_cell_0122,beta,5,1
mouse2_lib1.final_cell_0123,beta,5,7
mouse2_lib1.final_cell_0124,beta,5,1
mouse2_lib1.final_cell_0125,beta,5,1
mouse2_lib1.final_cell_0126,beta,5,1
mouse2_lib1.final_cell_0127,alpha,4,9
mouse2_lib1.final_cell_0128,alpha,4,9
mouse2_lib1.final_cell_0129,endothelial,8,10
mouse2_lib1.final_cell_0130,beta,5,1
mouse2_lib1.final_cell_0131,beta,5,1
mouse2_lib1.final_cell_0132,beta,5,1
mouse2_lib1.final_cell_0133,beta,5,1
mouse2_lib1.final_cell_0134,beta,5,1
mouse2_lib1.final_cell_0135,beta,5,1
mouse2_lib1.final_cell_0136,beta,5,1
mouse2_lib1.final_cell_0137,beta,5,7
mouse2_lib1.final_cell_0138,alpha,4,9
mouse2_lib1.final_cell_0139,beta,5,1
mouse2_lib1.final_cell_0140,beta,5,1
mouse2_lib1.final_cell_0141,ductal,7,4
mouse2_lib1.final_cell_0142,ductal,7,4
mouse2_lib1.final_cell_0143,beta,5,7
mouse2_lib1.final_cell_0144,gamma,9,9
mouse2_lib1.final_cell_0145,delta,6,2
mouse2_lib1.final_cell_0146,gamma,9,7
mouse2_lib1.final_cell_0147,beta,5,1
mouse2_lib1.final_cell_0148,alpha,4,9
mouse2_lib1.final_cell_0149,alpha,4,9
mouse2_lib1.final_cell_0150,beta,5,1
mouse2_lib1.final_cell_0151,beta,5,1
mouse2_lib1.final_cell_0152,ductal,7,4
mouse2_lib1.final_cell_0153,alpha,4,7
mouse2_lib1.final_cell_0154,beta,5,1
mouse2_lib1.final_cell_0155,beta,5,7
mouse2_lib1.final_cell_0156,alpha,4,9
mouse2_lib1.final_cell_0157,alpha,4,9
mouse2_lib1.final_cell_0158,alpha,4,9
mouse2_lib1.final_cell_0159,beta,5,1
mouse2_lib1.final_cell_0160,beta,5,1
mouse2_lib1.final_cell_0161,beta,5,1
mouse2_lib1.final_cell_0162,gamma,9,9
mouse2_lib1.final_cell_0163,delta,6,2
mouse2_lib1.final_cell_0164,beta,5,1
mouse2_lib1.final_cell_0165,alpha,4,9
mouse2_lib1.final_cell_0166,beta,5,2
mouse2_lib1.final_cell_0167,delta,6,2
mouse2_lib1.final_cell_0168,beta,5,1
mouse2_lib1.final_cell_0169,delta,6,2
mouse2_lib1.final_cell_0170,beta,5,1
mouse2_lib1.final_cell_0171,alpha,4,9
mouse2_lib1.final_cell_0172,beta,5,1
mouse2_lib1.final_cell_0173,delta,6,2
mouse2_lib1.final_cell_0174,beta,5,1
mouse2_lib1.final_cell_0175,alpha,4,9
mouse2_lib1.final_cell_0176,beta,5,1
mouse2_lib1.final_cell_0177,beta,5,7
mouse2_lib1.final_cell_0178,alpha,4,7
mouse2_lib1.final_cell_0179,beta,5,1
mouse2_lib1.final_cell_0180,beta,5,1
mouse2_lib1.final_cell_0181,alpha,4,9
mouse2_lib1.final_cell_0182,alpha,4,9
mouse2_lib1.final_cell_0183,beta,5,1
mouse2_lib1.final_cell_0184,alpha,4,9
mouse2_lib1.final_cell_0185,beta,5,1
mouse2_lib1.final_cell_0186,alpha,4,9
mouse2_lib1.final_cell_0187,alpha,4,9
mouse2_lib1.final_cell_0188,beta,5,1
mouse2_lib1.final_cell_0189,alpha,4,9
mouse2_lib1.final_cell_0190,beta,5,1
mouse2_lib1.final_cell_0191,beta,5,1
mouse2_lib1.final_cell_0192,beta,5,1
mouse2_lib1.final_cell_0193,beta,5,1
mouse2_lib1.final_cell_0194,alpha,4,9
mouse2_lib1.final_cell_0195,beta,5,1
mouse2_lib1.final_cell_0196,alpha,4,9
mouse2_lib1.final_cell_0197,beta,5,1
mouse2_lib1.final_cell_0198,macrophage,11,12
mouse2_lib1.final_cell_0199,alpha,4,9
mouse2_lib1.final_cell_0200,beta,5,1
mouse2_lib1.final_cell_0201,beta,5,1
mouse2_lib1.final_cell_0202,beta,5,7
mouse2_lib1.final_cell_0203,delta,6,2
mouse2_lib1.final_cell_0204,gamma,9,9
mouse2_lib1.final_cell_0205,macrophage,11,12
mouse2_lib1.final_cell_0206,gamma,9,9
mouse2_lib1.final_cell_0207,beta,5,1
mouse2_lib1.final_cell_0208,macrophage,11,12
mouse2_lib1.final_cell_0209,alpha,4,9
mouse2_lib1.final_cell_0210,alpha,4,9
mouse2_lib1.final_cell_0211,beta,5,1
mouse2_lib1.final_cell_0212,beta,5,1
mouse2_lib1.final_cell_0213,endothelial,8,6
mouse2_lib1.final_cell_0214,beta,5,1
mouse2_lib1.final_cell_0215,beta,5,1
mouse2_lib1.final_cell_0216,delta,6,2
mouse2_lib1.final_cell_0217,gamma,9,9
mouse2_lib1.final_cell_0218,beta,5,1
mouse2_lib1.final_cell_0219,beta,5,1
mouse2_lib1.final_cell_0220,immune_other,10,13
mouse2_lib1.final_cell_0221,beta,5,1
mouse2_lib1.final_cell_0222,delta,6,2
mouse2_lib1.final_cell_0223,beta,5,1
mouse2_lib1.final_cell_0224,delta,6,2
mouse2_lib1.final_cell_0225,beta,5,1
mouse2_lib1.final_cell_0226,beta,5,1
mouse2_lib1.final_cell_0227,beta,5,1
mouse2_lib1.final_cell_0228,beta,5,1
mouse2_lib1.final_cell_0229,alpha,4,9
mouse2_lib1.final_cell_0230,alpha,4,9
mouse2_lib1.final_cell_0231,gamma,9,7
mouse2_lib1.final_cell_0232,macrophage,11,12
mouse2_lib1.final_cell_0234,beta,5,1
mouse2_lib1.final_cell_0235,alpha,4,9
mouse2_lib1.final_cell_0236,delta,6,2
mouse2_lib1.final_cell_0237,activated_stellate,3,3
mouse2_lib1.final_cell_0238,beta,5,1
mouse2_lib1.final_cell_0239,beta,5,7
mouse2_lib1.final_cell_0240,endothelial,8,10
mouse2_lib1.final_cell_0241,beta,5,1
mouse2_lib1.final_cell_0242,beta,5,1
mouse2_lib1.final_cell_0243,beta,5,1
mouse2_lib1.final_cell_0244,beta,5,1
mouse2_lib1.final_cell_0245,beta,5,1
mouse2_lib1.final_cell_0246,endothelial,8,6
mouse2_lib1.final_cell_0247,alpha,4,9
mouse2_lib1.final_cell_0248,alpha,4,9
mouse2_lib1.final_cell_0249,alpha,4,9
mouse2_lib1.final_cell_0250,beta,5,1
mouse2_lib1.final_cell_0251,macrophage,11,12
mouse2_lib1.final_cell_0252,macrophage,11,12
mouse2_lib1.final_cell_0253,beta,5,1
mouse2_lib1.final_cell_0254,beta,5,1
mouse2_lib1.final_cell_0255,beta,5,1
mouse2_lib1.final_cell_0256,delta,6,2
mouse2_lib1.final_cell_0257,beta,5,1
mouse2_lib1.final_cell_0258,beta,5,1
mouse2_lib1.final_cell_0259,delta,6,2
mouse2_lib1.final_cell_0260,beta,5,1
mouse2_lib1.final_cell_0261,delta,6,2
mouse2_lib1.final_cell_0262,delta,6,2
mouse2_lib1.final_cell_0263,endothelial,8,6
mouse2_lib1.final_cell_0264,delta,6,7
mouse2_lib1.final_cell_0265,beta,5,1
mouse2_lib1.final_cell_0266,beta,5,1
mouse2_lib1.final_cell_0267,ductal,7,4
mouse2_lib1.final_cell_0268,ductal,7,4
mouse2_lib1.final_cell_0269,alpha,4,9
mouse2_lib1.final_cell_0270,endothelial,8,6
mouse2_lib1.final_cell_0271,beta,5,1
mouse2_lib1.final_cell_0272,alpha,4,9
mouse2_lib1.final_cell_0273,alpha,4,7
mouse2_lib1.final_cell_0274,endothelial,8,8
mouse2_lib1.final_cell_0275,beta,5,1
mouse2_lib1.final_cell_0276,beta,5,1
mouse2_lib1.final_cell_0277,beta,5,1
mouse2_lib1.final_cell_0278,beta,5,1
mouse2_lib1.final_cell_0279,beta,5,1
mouse2_lib1.final_cell_0280,B_cell,1,13
mouse2_lib1.final_cell_0281,beta,5,1
mouse2_lib1.final_cell_0282,quiescent_stellate,12,5
mouse2_lib1.final_cell_0283,alpha,4,9
mouse2_lib1.final_cell_0285,activated_stellate,3,3
mouse2_lib1.final_cell_0286,endothelial,8,6
mouse2_lib1.final_cell_0287,beta,5,1
mouse2_lib1.final_cell_0288,beta,5,1
mouse2_lib1.final_cell_0289,gamma,9,7
mouse2_lib1.final_cell_0290,endothelial,8,6
mouse2_lib1.final_cell_0291,beta,5,1
mouse2_lib1.final_cell_0292,activated_stellate,3,3
mouse2_lib1.final_cell_0293,alpha,4,9
mouse2_lib1.final_cell_0294,quiescent_stellate,12,5
mouse2_lib1.final_cell_0295,beta,5,1
mouse2_lib1.final_cell_0296,delta,6,2
mouse2_lib1.final_cell_0297,beta,5,1
mouse2_lib1.final_cell_0298,endothelial,8,6
mouse2_lib1.final_cell_0299,beta,5,1
mouse2_lib1.final_cell_0300,beta,5,1
mouse2_lib1.final_cell_0301,B_cell,1,13
mouse2_lib1.final_cell_0302,activated_stellate,3,3
mouse2_lib1.final_cell_0303,macrophage,11,12
mouse2_lib1.final_cell_0304,alpha,4,9
mouse2_lib1.final_cell_0305,endothelial,8,6
mouse2_lib1.final_cell_0306,macrophage,11,12
mouse2_lib1.final_cell_0307,beta,5,1
mouse2_lib1.final_cell_0308,delta,6,2
mouse2_lib1.final_cell_0309,beta,5,1
mouse2_lib1.final_cell_0310,delta,6,2
mouse2_lib1.final_cell_0311,delta,6,2
mouse2_lib1.final_cell_0312,beta,5,1
mouse2_lib1.final_cell_0313,beta,5,1
mouse2_lib1.final_cell_0314,beta,5,1
mouse2_lib1.final_cell_0316,beta,5,1
mouse2_lib1.final_cell_0317,quiescent_stellate,12,5
mouse2_lib1.final_cell_0318,B_cell,1,13
mouse2_lib1.final_cell_0319,endothelial,8,6
mouse2_lib1.final_cell_0320,endothelial,8,6
mouse2_lib2.final_cell_0004,delta,6,2
mouse2_lib2.final_cell_0005,beta,5,1
mouse2_lib2.final_cell_0008,beta,5,1
mouse2_lib2.final_cell_0009,beta,5,1
mouse2_lib2.final_cell_0010,beta,5,1
mouse2_lib2.final_cell_0011,beta,5,1
mouse2_lib2.final_cell_0012,beta,5,1
mouse2_lib2.final_cell_0013,gamma,9,7
mouse2_lib2.final_cell_0014,beta,5,1
mouse2_lib2.final_cell_0015,alpha,4,9
mouse2_lib2.final_cell_0016,beta,5,7
mouse2_lib2.final_cell_0017,beta,5,1
mouse2_lib2.final_cell_0018,beta,5,1
mouse2_lib2.final_cell_0019,beta,5,1
mouse2_lib2.final_cell_0022,alpha,4,9
mouse2_lib2.final_cell_0023,alpha,4,9
mouse2_lib2.final_cell_0024,beta,5,1
mouse2_lib2.final_cell_0025,alpha,4,9
mouse2_lib2.final_cell_0026,delta,6,2
mouse2_lib2.final_cell_0027,beta,5,1
mouse2_lib2.final_cell_0028,alpha,4,9
mouse2_lib2.final_cell_0029,beta,5,1
mouse2_lib2.final_cell_0030,delta,6,2
mouse2_lib2.final_cell_0031,alpha,4,9
mouse2_lib2.final_cell_0032,beta,5,1
mouse2_lib2.final_cell_0033,beta,5,1
mouse2_lib2.final_cell_0034,alpha,4,9
mouse2_lib2.final_cell_0035,delta,6,2
mouse2_lib2.final_cell_0036,alpha,4,9
mouse2_lib2.final_cell_0037,beta,5,1
mouse2_lib2.final_cell_0038,beta,5,1
mouse2_lib2.final_cell_0039,beta,5,1
mouse2_lib2.final_cell_0040,gamma,9,9
mouse2_lib2.final_cell_0041,gamma,9,9
mouse2_lib2.final_cell_0042,beta,5,1
mouse2_lib2.final_cell_0043,beta,5,1
mouse2_lib2.final_cell_0044,beta,5,1
mouse2_lib2.final_cell_0045,beta,5,1
mouse2_lib2.final_cell_0046,delta,6,2
mouse2_lib2.final_cell_0047,beta,5,1
mouse2_lib2.final_cell_0048,alpha,4,9
mouse2_lib2.final_cell_0049,beta,5,1
mouse2_lib2.final_cell_0050,alpha,4,9
mouse2_lib2.final_cell_0051,alpha,4,9
mouse2_lib2.final_cell_0052,alpha,4,9
mouse2_lib2.final_cell_0053,beta,5,1
mouse2_lib2.final_cell_0054,delta,6,2
mouse2_lib2.final_cell_0055,delta,6,2
mouse2_lib2.final_cell_0056,beta,5,1
mouse2_lib2.final_cell_0057,beta,5,1
mouse2_lib2.final_cell_0058,beta,5,1
mouse2_lib2.final_cell_0059,beta,5,1
mouse2_lib2.final_cell_0060,beta,5,1
mouse2_lib2.final_cell_0061,beta,5,1
mouse2_lib2.final_cell_0062,delta,6,2
mouse2_lib2.final_cell_0063,beta,5,1
mouse2_lib2.final_cell_0064,beta,5,1
mouse2_lib2.final_cell_0065,beta,5,1
mouse2_lib2.final_cell_0066,beta,5,1
mouse2_lib2.final_cell_0067,alpha,4,9
mouse2_lib2.final_cell_0068,delta,6,2
mouse2_lib2.final_cell_0069,beta,5,1
mouse2_lib2.final_cell_0070,delta,6,2
mouse2_lib2.final_cell_0071,beta,5,1
mouse2_lib2.final_cell_0072,beta,5,1
mouse2_lib2.final_cell_0073,beta,5,1
mouse2_lib2.final_cell_0074,beta,5,1
mouse2_lib2.final_cell_0075,beta,5,1
mouse2_lib2.final_cell_0076,delta,6,2
mouse2_lib2.final_cell_0077,beta,5,1
mouse2_lib2.final_cell_0078,beta,5,1
mouse2_lib2.final_cell_0079,delta,6,2
mouse2_lib2.final_cell_0080,schwann,13,3
mouse2_lib2.final_cell_0081,delta,6,2
mouse2_lib2.final_cell_0082,alpha,4,9
mouse2_lib2.final_cell_0083,delta,6,2
mouse2_lib2.final_cell_0084,beta,5,1
mouse2_lib2.final_cell_0085,delta,6,2
mouse2_lib2.final_cell_0086,delta,6,2
mouse2_lib2.final_cell_0087,beta,5,1
mouse2_lib2.final_cell_0088,delta,6,2
mouse2_lib2.final_cell_0089,delta,6,2
mouse2_lib2.final_cell_0090,beta,5,1
mouse2_lib2.final_cell_0091,alpha,4,9
mouse2_lib2.final_cell_0092,beta,5,1
mouse2_lib2.final_cell_0093,alpha,4,9
mouse2_lib2.final_cell_0094,alpha,4,9
mouse2_lib2.final_cell_0095,beta,5,1
mouse2_lib2.final_cell_0096,alpha,4,9
mouse2_lib2.final_cell_0097,beta,5,1
mouse2_lib2.final_cell_0098,gamma,9,7
mouse2_lib2.final_cell_0099,beta,5,1
mouse2_lib2.final_cell_0100,beta,5,1
mouse2_lib2.final_cell_0101,beta,5,1
mouse2_lib2.final_cell_0102,delta,6,2
mouse2_lib2.final_cell_0103,beta,5,1
mouse2_lib2.final_cell_0104,beta,5,1
mouse2_lib2.final_cell_0105,beta,5,1
mouse2_lib2.final_cell_0106,beta,5,1
mouse2_lib2.final_cell_0107,beta,5,1
mouse2_lib2.final_cell_0108,ductal,7,4
mouse2_lib2.final_cell_0109,beta,5,1
mouse2_lib2.final_cell_0110,beta,5,1
mouse2_lib2.final_cell_0111,delta,6,2
mouse2_lib2.final_cell_0112,alpha,4,9
mouse2_lib2.final_cell_0113,alpha,4,9
mouse2_lib2.final_cell_0114,beta,5,1
mouse2_lib2.final_cell_0115,endothelial,8,6
mouse2_lib2.final_cell_0116,alpha,4,9
mouse2_lib2.final_cell_0117,delta,6,2
mouse2_lib2.final_cell_0118,beta,5,7
mouse2_lib2.final_cell_0119,beta,5,1
mouse2_lib2.final_cell_0120,beta,5,1
mouse2_lib2.final_cell_0121,beta,5,1
mouse2_lib2.final_cell_0122,delta,6,2
mouse2_lib2.final_cell_0123,beta,5,1
mouse2_lib2.final_cell_0124,alpha,4,9
mouse2_lib2.final_cell_0125,beta,5,1
mouse2_lib2.final_cell_0126,beta,5,1
mouse2_lib2.final_cell_0127,beta,5,1
mouse2_lib2.final_cell_0128,beta,5,1
mouse2_lib2.final_cell_0129,beta,5,1
mouse2_lib2.final_cell_0130,alpha,4,9
mouse2_lib2.final_cell_0131,gamma,9,9
mouse2_lib2.final_cell_0132,beta,5,1
mouse2_lib2.final_cell_0133,beta,5,1
mouse2_lib2.final_cell_0134,beta,5,1
mouse2_lib2.final_cell_0135,alpha,4,9
mouse2_lib2.final_cell_0136,beta,5,1
mouse2_lib2.final_cell_0137,beta,5,1
mouse2_lib2.final_cell_0138,delta,6,2
mouse2_lib2.final_cell_0139,beta,5,1
mouse2_lib2.final_cell_0140,macrophage,11,12
mouse2_lib2.final_cell_0141,beta,5,1
mouse2_lib2.final_cell_0142,alpha,4,9
mouse2_lib2.final_cell_0143,alpha,4,9
mouse2_lib2.final_cell_0144,beta,5,1
mouse2_lib2.final_cell_0145,delta,6,2
mouse2_lib2.final_cell_0146,beta,5,1
mouse2_lib2.final_cell_0147,endothelial,8,10
mouse2_lib2.final_cell_0148,endothelial,8,6
mouse2_lib2.final_cell_0149,beta,5,1
mouse2_lib2.final_cell_0150,alpha,4,9
mouse2_lib2.final_cell_0151,beta,5,1
mouse2_lib2.final_cell_0152,beta,5,1
mouse2_lib2.final_cell_0153,beta,5,1
mouse2_lib2.final_cell_0154,beta,5,1
mouse2_lib2.final_cell_0155,beta,5,1
mouse2_lib2.final_cell_0156,beta,5,1
mouse2_lib2.final_cell_0157,beta,5,1
mouse2_lib2.final_cell_0158,beta,5,1
mouse2_lib2.final_cell_0159,alpha,4,9
mouse2_lib2.final_cell_0160,beta,5,2
mouse2_lib2.final_cell_0161,beta,5,1
mouse2_lib2.final_cell_0162,alpha,4,9
mouse2_lib2.final_cell_0163,delta,6,2
mouse2_lib2.final_cell_0164,beta,5,1
mouse2_lib2.final_cell_0165,delta,6,2
mouse2_lib2.final_cell_0166,beta,5,1
mouse2_lib2.final_cell_0167,endothelial,8,6
mouse2_lib2.final_cell_0168,beta,5,2
mouse2_lib2.final_cell_0169,gamma,9,9
mouse2_lib2.final_cell_0170,beta,5,2
mouse2_lib2.final_cell_0171,delta,6,2
mouse2_lib2.final_cell_0172,beta,5,2
mouse2_lib2.final_cell_0173,beta,5,1
mouse2_lib2.final_cell_0174,delta,6,2
mouse2_lib2.final_cell_0175,alpha,4,9
mouse2_lib2.final_cell_0176,beta,5,1
mouse2_lib2.final_cell_0177,delta,6,2
mouse2_lib2.final_cell_0178,beta,5,1
mouse2_lib2.final_cell_0179,beta,5,7
mouse2_lib2.final_cell_0180,alpha,4,9
mouse2_lib2.final_cell_0181,beta,5,1
mouse2_lib2.final_cell_0182,beta,5,7
mouse2_lib2.final_cell_0183,beta,5,1
mouse2_lib2.final_cell_0184,alpha,4,9
mouse2_lib2.final_cell_0185,delta,6,2
mouse2_lib2.final_cell_0186,endothelial,8,6
mouse2_lib2.final_cell_0187,beta,5,7
mouse2_lib2.final_cell_0188,ductal,7,4
mouse2_lib2.final_cell_0189,beta,5,1
mouse2_lib2.final_cell_0190,beta,5,1
mouse2_lib2.final_cell_0191,delta,6,2
mouse2_lib2.final_cell_0192,alpha,4,9
mouse2_lib2.final_cell_0193,beta,5,1
mouse2_lib2.final_cell_0194,beta,5,1
mouse2_lib2.final_cell_0195,alpha,4,9
mouse2_lib2.final_cell_0196,endothelial,8,6
mouse2_lib2.final_cell_0197,beta,5,7
mouse2_lib2.final_cell_0198,beta,5,1
mouse2_lib2.final_cell_0199,endothelial,8,8
mouse2_lib2.final_cell_0200,beta,5,1
mouse2_lib2.final_cell_0201,beta,5,1
mouse2_lib2.final_cell_0202,alpha,4,9
mouse2_lib2.final_cell_0203,alpha,4,9
mouse2_lib2.final_cell_0204,activated_stellate,3,3
mouse2_lib2.final_cell_0205,delta,6,2
mouse2_lib2.final_cell_0206,alpha,4,9
mouse2_lib2.final_cell_0207,beta,5,1
mouse2_lib2.final_cell_0208,ductal,7,4
mouse2_lib2.final_cell_0209,beta,5,1
mouse2_lib2.final_cell_0210,beta,5,1
mouse2_lib2.final_cell_0211,beta,5,1
mouse2_lib2.final_cell_0212,endothelial,8,6
mouse2_lib2.final_cell_0213,endothelial,8,10
mouse2_lib2.final_cell_0214,beta,5,1
mouse2_lib2.final_cell_0215,gamma,9,9
mouse2_lib2.final_cell_0216,beta,5,1
mouse2_lib2.final_cell_0217,quiescent_stellate,12,5
mouse2_lib2.final_cell_0218,beta,5,1
mouse2_lib2.final_cell_0219,gamma,9,9
mouse2_lib2.final_cell_0220,alpha,4,7
mouse2_lib2.final_cell_0221,beta,5,1
mouse2_lib2.final_cell_0222,delta,6,2
mouse2_lib2.final_cell_0223,ductal,7,4
mouse2_lib2.final_cell_0224,beta,5,1
mouse2_lib2.final_cell_0225,beta,5,1
mouse2_lib2.final_cell_0226,alpha,4,9
mouse2_lib2.final_cell_0227,beta,5,1
mouse2_lib2.final_cell_0228,alpha,4,9
mouse2_lib2.final_cell_0229,alpha,4,7
mouse2_lib2.final_cell_0230,beta,5,1
mouse2_lib2.final_cell_0231,beta,5,1
mouse2_lib2.final_cell_0232,macrophage,11,12
mouse2_lib2.final_cell_0233,beta,5,7
mouse2_lib2.final_cell_0234,beta,5,1
mouse2_lib2.final_cell_0235,ductal,7,4
mouse2_lib2.final_cell_0236,alpha,4,9
mouse2_lib2.final_cell_0237,macrophage,11,12
mouse2_lib2.final_cell_0238,delta,6,2
mouse2_lib2.final_cell_0239,endothelial,8,6
mouse2_lib2.final_cell_0240,alpha,4,9
mouse2_lib2.final_cell_0241,alpha,4,9
mouse2_lib2.final_cell_0242,delta,6,2
mouse2_lib2.final_cell_0243,alpha,4,9
mouse2_lib2.final_cell_0244,alpha,4,9
mouse2_lib2.final_cell_0245,beta,5,1
mouse2_lib2.final_cell_0246,delta,6,2
mouse2_lib2.final_cell_0247,endothelial,8,6
mouse2_lib2.final_cell_0248,beta,5,1
mouse2_lib2.final_cell_0249,activated_stellate,3,3
mouse2_lib2.final_cell_0250,beta,5,1
mouse2_lib2.final_cell_0251,endothelial,8,10
mouse2_lib2.final_cell_0252,activated_stellate,3,3
mouse2_lib2.final_cell_0253,beta,5,1
mouse2_lib2.final_cell_0254,beta,5,1
mouse2_lib2.final_cell_0255,alpha,4,7
mouse2_lib2.final_cell_0256,delta,6,2
mouse2_lib2.final_cell_0257,alpha,4,9
mouse2_lib2.final_cell_0258,beta,5,1
mouse2_lib2.final_cell_0259,beta,5,1
mouse2_lib2.final_cell_0260,alpha,4,9
mouse2_lib2.final_cell_0261,delta,6,2
mouse2_lib2.final_cell_0262,beta,5,1
mouse2_lib2.final_cell_0263,ductal,7,4
mouse2_lib2.final_cell_0264,macrophage,11,12
mouse2_lib2.final_cell_0265,beta,5,1
mouse2_lib2.final_cell_0266,beta,5,1
mouse2_lib2.final_cell_0267,B_cell,1,13
mouse2_lib2.final_cell_0268,beta,5,1
mouse2_lib2.final_cell_0269,endothelial,8,8
mouse2_lib2.final_cell_0270,endothelial,8,6
mouse2_lib2.final_cell_0271,endothelial,8,10
mouse2_lib2.final_cell_0272,alpha,4,9
mouse2_lib2.final_cell_0273,beta,5,7
mouse2_lib2.final_cell_0274,beta,5,1
mouse2_lib2.final_cell_0275,delta,6,2
mouse2_lib2.final_cell_0276,beta,5,1
mouse2_lib2.final_cell_0277,endothelial,8,6
mouse2_lib2.final_cell_0278,beta,5,1
mouse2_lib2.final_cell_0279,alpha,4,9
mouse2_lib2.final_cell_0280,beta,5,1
mouse2_lib2.final_cell_0281,endothelial,8,8
mouse2_lib2.final_cell_0282,alpha,4,7
mouse2_lib2.final_cell_0283,beta,5,1
mouse2_lib2.final_cell_0284,endothelial,8,6
mouse2_lib2.final_cell_0285,alpha,4,7
mouse2_lib2.final_cell_0286,delta,6,2
mouse2_lib2.final_cell_0287,beta,5,1
mouse2_lib2.final_cell_0288,beta,5,1
mouse2_lib2.final_cell_0289,beta,5,1
mouse2_lib2.final_cell_0290,delta,6,2
mouse2_lib2.final_cell_0291,quiescent_stellate,12,5
mouse2_lib2.final_cell_0292,beta,5,1
mouse2_lib2.final_cell_0293,alpha,4,9
mouse2_lib2.final_cell_0294,endothelial,8,10
mouse2_lib2.final_cell_0295,ductal,7,4
mouse2_lib2.final_cell_0296,beta,5,1
mouse2_lib2.final_cell_0297,beta,5,1
mouse2_lib2.final_cell_0298,T_cell,2,13
mouse2_lib2.final_cell_0299,endothelial,8,8
mouse2_lib2.final_cell_0300,beta,5,1
mouse2_lib2.final_cell_0301,ductal,7,4
mouse2_lib2.final_cell_0302,immune_other,10,13
mouse2_lib2.final_cell_0303,macrophage,11,12
mouse2_lib2.final_cell_0304,quiescent_stellate,12,5
mouse2_lib2.final_cell_0305,beta,5,1
mouse2_lib2.final_cell_0306,beta,5,1
mouse2_lib2.final_cell_0307,beta,5,1
mouse2_lib2.final_cell_0308,delta,6,2
mouse2_lib2.final_cell_0309,endothelial,8,10
mouse2_lib2.final_cell_0310,alpha,4,9
mouse2_lib2.final_cell_0311,beta,5,1
mouse2_lib2.final_cell_0312,beta,5,1
mouse2_lib2.final_cell_0313,beta,5,1
mouse2_lib2.final_cell_0314,delta,6,7
mouse2_lib2.final_cell_0315,beta,5,1
mouse2_lib2.final_cell_0316,beta,5,1
mouse2_lib2.final_cell_0318,beta,5,1
mouse2_lib2.final_cell_0319,beta,5,1
mouse2_lib2.final_cell_0320,beta,5,7
mouse2_lib2.final_cell_0321,delta,6,2
mouse2_lib2.final_cell_0322,alpha,4,9
mouse2_lib2.final_cell_0323,macrophage,11,12
mouse2_lib2.final_cell_0324,delta,6,2
mouse2_lib2.final_cell_0325,T_cell,2,13
mouse2_lib2.final_cell_0326,beta,5,1
mouse2_lib2.final_cell_0327,alpha,4,9
mouse2_lib2.final_cell_0328,quiescent_stellate,12,5
mouse2_lib2.final_cell_0329,quiescent_stellate,12,5
mouse2_lib2.final_cell_0330,delta,6,2
mouse2_lib2.final_cell_0332,delta,6,2
mouse2_lib2.final_cell_0333,delta,6,2
mouse2_lib2.final_cell_0334,quiescent_stellate,12,5
mouse2_lib2.final_cell_0335,delta,6,2
mouse2_lib2.final_cell_0336,quiescent_stellate,12,5
mouse2_lib2.final_cell_0337,delta,6,2
mouse2_lib2.final_cell_0338,delta,6,2
mouse2_lib2.final_cell_0339,alpha,4,9
mouse2_lib2.final_cell_0340,ductal,7,11
mouse2_lib2.final_cell_0341,delta,6,2
mouse2_lib2.final_cell_0342,beta,5,1
mouse2_lib2.final_cell_0343,B_cell,1,13
mouse2_lib2.final_cell_0344,delta,6,2
mouse2_lib2.final_cell_0345,delta,6,2
mouse2_lib2.final_cell_0346,delta,6,2
mouse2_lib2.final_cell_0347,delta,6,2
mouse2_lib2.final_cell_0348,quiescent_stellate,12,5
mouse2_lib2.final_cell_0349,endothelial,8,10
mouse2_lib3.final_cell_0004,beta,5,7
mouse2_lib3.final_cell_0006,beta,5,1
mouse2_lib3.final_cell_0007,beta,5,1
mouse2_lib3.final_cell_0008,beta,5,1
mouse2_lib3.final_cell_0009,beta,5,1
mouse2_lib3.final_cell_0010,beta,5,1
mouse2_lib3.final_cell_0011,beta,5,1
mouse2_lib3.final_cell_0012,beta,5,2
mouse2_lib3.final_cell_0013,delta,6,7
mouse2_lib3.final_cell_0014,delta,6,2
mouse2_lib3.final_cell_0015,beta,5,1
mouse2_lib3.final_cell_0017,beta,5,2
mouse2_lib3.final_cell_0018,beta,5,1
mouse2_lib3.final_cell_0019,beta,5,1
mouse2_lib3.final_cell_0020,alpha,4,9
mouse2_lib3.final_cell_0021,alpha,4,9
mouse2_lib3.final_cell_0022,beta,5,1
mouse2_lib3.final_cell_0023,beta,5,1
mouse2_lib3.final_cell_0024,beta,5,2
mouse2_lib3.final_cell_0025,beta,5,1
mouse2_lib3.final_cell_0026,alpha,4,9
mouse2_lib3.final_cell_0027,beta,5,1
mouse2_lib3.final_cell_0028,beta,5,1
mouse2_lib3.final_cell_0029,beta,5,1
mouse2_lib3.final_cell_0030,alpha,4,9
mouse2_lib3.final_cell_0031,beta,5,1
mouse2_lib3.final_cell_0033,delta,6,2
mouse2_lib3.final_cell_0034,schwann,13,3
mouse2_lib3.final_cell_0035,beta,5,1
mouse2_lib3.final_cell_0036,beta,5,1
mouse2_lib3.final_cell_0037,beta,5,1
mouse2_lib3.final_cell_0038,beta,5,1
mouse2_lib3.final_cell_0039,gamma,9,7
mouse2_lib3.final_cell_0040,beta,5,1
mouse2_lib3.final_cell_0041,delta,6,2
mouse2_lib3.final_cell_0042,beta,5,1
mouse2_lib3.final_cell_0043,beta,5,1
mouse2_lib3.final_cell_0044,beta,5,1
mouse2_lib3.final_cell_0045,beta,5,1
mouse2_lib3.final_cell_0046,beta,5,1
mouse2_lib3.final_cell_0047,beta,5,7
mouse2_lib3.final_cell_0048,delta,6,2
mouse2_lib3.final_cell_0049,beta,5,1
mouse2_lib3.final_cell_0050,alpha,4,9
mouse2_lib3.final_cell_0051,beta,5,1
mouse2_lib3.final_cell_0052,beta,5,1
mouse2_lib3.final_cell_0053,beta,5,1
mouse2_lib3.final_cell_0054,beta,5,1
mouse2_lib3.final_cell_0055,beta,5,1
mouse2_lib3.final_cell_0056,beta,5,1
mouse2_lib3.final_cell_0057,beta,5,1
mouse2_lib3.final_cell_0058,beta,5,1
mouse2_lib3.final_cell_0059,beta,5,1
mouse2_lib3.final_cell_0060,beta,5,2
mouse2_lib3.final_cell_0061,ductal,7,4
mouse2_lib3.final_cell_0062,beta,5,1
mouse2_lib3.final_cell_0063,alpha,4,9
mouse2_lib3.final_cell_0064,alpha,4,9
mouse2_lib3.final_cell_0065,schwann,13,3
mouse2_lib3.final_cell_0066,alpha,4,9
mouse2_lib3.final_cell_0067,beta,5,1
mouse2_lib3.final_cell_0068,beta,5,1
mouse2_lib3.final_cell_0069,ductal,7,4
mouse2_lib3.final_cell_0070,alpha,4,9
mouse2_lib3.final_cell_0071,beta,5,1
mouse2_lib3.final_cell_0072,delta,6,2
mouse2_lib3.final_cell_0073,alpha,4,9
mouse2_lib3.final_cell_0074,delta,6,2
mouse2_lib3.final_cell_0075,delta,6,2
mouse2_lib3.final_cell_0076,alpha,4,9
mouse2_lib3.final_cell_0077,beta,5,1
mouse2_lib3.final_cell_0078,alpha,4,9
mouse2_lib3.final_cell_0079,beta,5,1
mouse2_lib3.final_cell_0080,beta,5,1
mouse2_lib3.final_cell_0081,delta,6,2
mouse2_lib3.final_cell_0082,alpha,4,9
mouse2_lib3.final_cell_0083,beta,5,1
mouse2_lib3.final_cell_0084,beta,5,1
mouse2_lib3.final_cell_0085,beta,5,7
mouse2_lib3.final_cell_0086,alpha,4,9
mouse2_lib3.final_cell_0087,alpha,4,9
mouse2_lib3.final_cell_0088,beta,5,1
mouse2_lib3.final_cell_0089,beta,5,1
mouse2_lib3.final_cell_0090,beta,5,1
mouse2_lib3.final_cell_0091,alpha,4,9
mouse2_lib3.final_cell_0092,beta,5,1
mouse2_lib3.final_cell_0093,alpha,4,9
mouse2_lib3.final_cell_0094,alpha,4,9
mouse2_lib3.final_cell_0095,alpha,4,9
mouse2_lib3.final_cell_0096,beta,5,1
mouse2_lib3.final_cell_0097,delta,6,2
mouse2_lib3.final_cell_0098,beta,5,1
mouse2_lib3.final_cell_0099,beta,5,1
mouse2_lib3.final_cell_0100,alpha,4,9
mouse2_lib3.final_cell_0101,beta,5,1
mouse2_lib3.final_cell_0102,beta,5,1
mouse2_lib3.final_cell_0103,beta,5,1
mouse2_lib3.final_cell_0104,beta,5,1
mouse2_lib3.final_cell_0105,delta,6,2
mouse2_lib3.final_cell_0106,alpha,4,9
mouse2_lib3.final_cell_0107,beta,5,1
mouse2_lib3.final_cell_0108,alpha,4,9
mouse2_lib3.final_cell_0109,alpha,4,9
mouse2_lib3.final_cell_0110,beta,5,1
mouse2_lib3.final_cell_0111,beta,5,7
mouse2_lib3.final_cell_0112,alpha,4,9
mouse2_lib3.final_cell_0113,beta,5,1
mouse2_lib3.final_cell_0114,beta,5,1
mouse2_lib3.final_cell_0115,alpha,4,9
mouse2_lib3.final_cell_0116,delta,6,2
mouse2_lib3.final_cell_0117,beta,5,1
mouse2_lib3.final_cell_0118,alpha,4,9
mouse2_lib3.final_cell_0119,beta,5,1
mouse2_lib3.final_cell_0120,beta,5,1
mouse2_lib3.final_cell_0121,beta,5,1
mouse2_lib3.final_cell_0122,beta,5,1
mouse2_lib3.final_cell_0123,beta,5,1
mouse2_lib3.final_cell_0124,beta,5,1
mouse2_lib3.final_cell_0125,delta,6,2
mouse2_lib3.final_cell_0126,delta,6,2
mouse2_lib3.final_cell_0127,beta,5,1
mouse2_lib3.final_cell_0128,beta,5,1
mouse2_lib3.final_cell_0129,beta,5,1
mouse2_lib3.final_cell_0130,alpha,4,9
mouse2_lib3.final_cell_0131,ductal,7,4
mouse2_lib3.final_cell_0132,beta,5,1
mouse2_lib3.final_cell_0133,beta,5,1
mouse2_lib3.final_cell_0134,beta,5,1
mouse2_lib3.final_cell_0135,beta,5,1
mouse2_lib3.final_cell_0136,beta,5,1
mouse2_lib3.final_cell_0137,beta,5,1
mouse2_lib3.final_cell_0138,beta,5,1
mouse2_lib3.final_cell_0139,beta,5,1
mouse2_lib3.final_cell_0140,delta,6,2
mouse2_lib3.final_cell_0141,beta,5,1
mouse2_lib3.final_cell_0142,alpha,4,9
mouse2_lib3.final_cell_0143,beta,5,1
mouse2_lib3.final_cell_0144,delta,6,2
mouse2_lib3.final_cell_0145,alpha,4,9
mouse2_lib3.final_cell_0146,B_cell,1,13
mouse2_lib3.final_cell_0147,beta,5,1
mouse2_lib3.final_cell_0148,alpha,4,9
mouse2_lib3.final_cell_0149,delta,6,2
mouse2_lib3.final_cell_0150,beta,5,1
mouse2_lib3.final_cell_0151,alpha,4,9
mouse2_lib3.final_cell_0152,delta,6,2
mouse2_lib3.final_cell_0153,alpha,4,9
mouse2_lib3.final_cell_0154,beta,5,1
mouse2_lib3.final_cell_0155,alpha,4,9
mouse2_lib3.final_cell_0156,beta,5,1
mouse2_lib3.final_cell_0157,alpha,4,9
mouse2_lib3.final_cell_0158,alpha,4,9
mouse2_lib3.final_cell_0159,beta,5,1
mouse2_lib3.final_cell_0160,alpha,4,9
mouse2_lib3.final_cell_0161,beta,5,1
mouse2_lib3.final_cell_0162,beta,5,1
mouse2_lib3.final_cell_0163,alpha,4,9
mouse2_lib3.final_cell_0164,beta,5,1
mouse2_lib3.final_cell_0165,macrophage,11,12
mouse2_lib3.final_cell_0166,beta,5,1
mouse2_lib3.final_cell_0167,beta,5,1
mouse2_lib3.final_cell_0168,alpha,4,9
mouse2_lib3.final_cell_0169,beta,5,1
mouse2_lib3.final_cell_0170,beta,5,1
mouse2_lib3.final_cell_0171,ductal,7,4
mouse2_lib3.final_cell_0172,gamma,9,9
mouse2_lib3.final_cell_0173,beta,5,7
mouse2_lib3.final_cell_0174,alpha,4,7
mouse2_lib3.final_cell_0175,beta,5,7
mouse2_lib3.final_cell_0176,beta,5,7
mouse2_lib3.final_cell_0177,beta,5,1
mouse2_lib3.final_cell_0178,delta,6,2
mouse2_lib3.final_cell_0179,beta,5,1
mouse2_lib3.final_cell_0180,gamma,9,9
mouse2_lib3.final_cell_0181,endothelial,8,6
mouse2_lib3.final_cell_0182,alpha,4,9
mouse2_lib3.final_cell_0183,alpha,4,9
mouse2_lib3.final_cell_0184,alpha,4,9
mouse2_lib3.final_cell_0185,alpha,4,9
mouse2_lib3.final_cell_0186,beta,5,1
mouse2_lib3.final_cell_0187,beta,5,1
mouse2_lib3.final_cell_0188,alpha,4,9
mouse2_lib3.final_cell_0189,beta,5,1
mouse2_lib3.final_cell_0190,beta,5,1
mouse2_lib3.final_cell_0191,beta,5,1
mouse2_lib3.final_cell_0192,endothelial,8,6
mouse2_lib3.final_cell_0193,alpha,4,9
mouse2_lib3.final_cell_0194,gamma,9,7
mouse2_lib3.final_cell_0195,beta,5,1
mouse2_lib3.final_cell_0196,beta,5,1
mouse2_lib3.final_cell_0197,alpha,4,9
mouse2_lib3.final_cell_0198,delta,6,2
mouse2_lib3.final_cell_0199,ductal,7,4
mouse2_lib3.final_cell_0200,beta,5,1
mouse2_lib3.final_cell_0201,beta,5,1
mouse2_lib3.final_cell_0202,beta,5,1
mouse2_lib3.final_cell_0203,alpha,4,9
mouse2_lib3.final_cell_0204,ductal,7,4
mouse2_lib3.final_cell_0205,alpha,4,9
mouse2_lib3.final_cell_0206,endothelial,8,8
mouse2_lib3.final_cell_0207,alpha,4,9
mouse2_lib3.final_cell_0209,alpha,4,9
mouse2_lib3.final_cell_0210,alpha,4,9
mouse2_lib3.final_cell_0211,activated_stellate,3,5
mouse2_lib3.final_cell_0212,delta,6,2
mouse2_lib3.final_cell_0213,delta,6,2
mouse2_lib3.final_cell_0214,ductal,7,4
mouse2_lib3.final_cell_0215,beta,5,1
mouse2_lib3.final_cell_0216,beta,5,1
mouse2_lib3.final_cell_0217,beta,5,1
mouse2_lib3.final_cell_0218,alpha,4,9
mouse2_lib3.final_cell_0219,beta,5,1
mouse2_lib3.final_cell_0220,gamma,9,9
mouse2_lib3.final_cell_0221,beta,5,1
mouse2_lib3.final_cell_0222,beta,5,1
mouse2_lib3.final_cell_0223,beta,5,1
mouse2_lib3.final_cell_0224,endothelial,8,8
mouse2_lib3.final_cell_0225,ductal,7,4
mouse2_lib3.final_cell_0226,beta,5,1
mouse2_lib3.final_cell_0227,alpha,4,9
mouse2_lib3.final_cell_0228,endothelial,8,8
mouse2_lib3.final_cell_0229,beta,5,1
mouse2_lib3.final_cell_0230,beta,5,1
mouse2_lib3.final_cell_0231,beta,5,7
mouse2_lib3.final_cell_0232,macrophage,11,12
mouse2_lib3.final_cell_0233,macrophage,11,12
mouse2_lib3.final_cell_0234,beta,5,1
mouse2_lib3.final_cell_0235,beta,5,7
mouse2_lib3.final_cell_0236,alpha,4,7
mouse2_lib3.final_cell_0237,quiescent_stellate,12,5
mouse2_lib3.final_cell_0238,alpha,4,9
mouse2_lib3.final_cell_0239,beta,5,1
mouse2_lib3.final_cell_0240,endothelial,8,8
mouse2_lib3.final_cell_0241,alpha,4,2
mouse2_lib3.final_cell_0242,endothelial,8,8
mouse2_lib3.final_cell_0243,beta,5,1
mouse2_lib3.final_cell_0244,beta,5,7
mouse2_lib3.final_cell_0245,beta,5,1
mouse2_lib3.final_cell_0246,beta,5,1
mouse2_lib3.final_cell_0247,beta,5,1
mouse2_lib3.final_cell_0248,beta,5,1
mouse2_lib3.final_cell_0249,alpha,4,9
mouse2_lib3.final_cell_0251,endothelial,8,6
mouse2_lib3.final_cell_0252,beta,5,1
mouse2_lib3.final_cell_0253,endothelial,8,10
mouse2_lib3.final_cell_0254,beta,5,1
mouse2_lib3.final_cell_0255,delta,6,2
mouse2_lib3.final_cell_0256,beta,5,1
mouse2_lib3.final_cell_0257,beta,5,1
mouse2_lib3.final_cell_0258,beta,5,1
mouse2_lib3.final_cell_0259,endothelial,8,8
mouse2_lib3.final_cell_0260,beta,5,1
mouse2_lib3.final_cell_0261,beta,5,1
mouse2_lib3.final_cell_0262,endothelial,8,6
mouse2_lib3.final_cell_0263,beta,5,1
mouse2_lib3.final_cell_0264,endothelial,8,8
mouse2_lib3.final_cell_0265,beta,5,1
mouse2_lib3.final_cell_0266,beta,5,7
mouse2_lib3.final_cell_0267,beta,5,1
mouse2_lib3.final_cell_0268,beta,5,1
mouse2_lib3.final_cell_0269,gamma,9,7
mouse2_lib3.final_cell_0270,beta,5,1
mouse2_lib3.final_cell_0271,beta,5,1
mouse2_lib3.final_cell_0272,alpha,4,9
mouse2_lib3.final_cell_0273,ductal,7,4
mouse2_lib3.final_cell_0274,activated_stellate,3,3
mouse2_lib3.final_cell_0275,beta,5,1
mouse2_lib3.final_cell_0276,beta,5,1
mouse2_lib3.final_cell_0277,delta,6,2
mouse2_lib3.final_cell_0278,delta,6,2
mouse2_lib3.final_cell_0279,alpha,4,2
mouse2_lib3.final_cell_0280,beta,5,1
mouse2_lib3.final_cell_0281,delta,6,2
mouse2_lib3.final_cell_0282,beta,5,1
mouse2_lib3.final_cell_0283,alpha,4,9
mouse2_lib3.final_cell_0284,endothelial,8,10
mouse2_lib3.final_cell_0285,beta,5,7
mouse2_lib3.final_cell_0286,beta,5,1
mouse2_lib3.final_cell_0287,beta,5,1
mouse2_lib3.final_cell_0288,beta,5,1
mouse2_lib3.final_cell_0289,endothelial,8,8
mouse2_lib3.final_cell_0290,alpha,4,9
mouse2_lib3.final_cell_0291,beta,5,1
mouse2_lib3.final_cell_0292,endothelial,8,8
mouse2_lib3.final_cell_0293,alpha,4,9
mouse2_lib3.final_cell_0294,beta,5,7
mouse2_lib3.final_cell_0295,alpha,4,7
mouse2_lib3.final_cell_0296,endothelial,8,8
mouse2_lib3.final_cell_0297,endothelial,8,6
mouse2_lib3.final_cell_0298,beta,5,1
mouse2_lib3.final_cell_0299,beta,5,1
mouse2_lib3.final_cell_0300,beta,5,1
mouse2_lib3.final_cell_0301,beta,5,1
mouse2_lib3.final_cell_0302,beta,5,1
mouse2_lib3.final_cell_0303,beta,5,1
mouse2_lib3.final_cell_0304,beta,5,1
mouse2_lib3.final_cell_0305,endothelial,8,8
mouse2_lib3.final_cell_0306,delta,6,2
mouse2_lib3.final_cell_0307,quiescent_stellate,12,5
mouse2_lib3.final_cell_0308,endothelial,8,8
mouse2_lib3.final_cell_0309,beta,5,1
mouse2_lib3.final_cell_0310,macrophage,11,12
mouse2_lib3.final_cell_0311,beta,5,1
mouse2_lib3.final_cell_0312,beta,5,1
mouse2_lib3.final_cell_0313,beta,5,1
mouse2_lib3.final_cell_0314,endothelial,8,8
mouse2_lib3.final_cell_0315,quiescent_stellate,12,5
mouse2_lib3.final_cell_0316,endothelial,8,6
mouse2_lib3.final_cell_0317,endothelial,8,10
mouse2_lib3.final_cell_0318,delta,6,2
mouse2_lib3.final_cell_0319,beta,5,1
mouse2_lib3.final_cell_0320,immune_other,10,13
mouse2_lib3.final_cell_0321,beta,5,1
mouse2_lib3.final_cell_0322,delta,6,2
mouse2_lib3.final_cell_0323,beta,5,1
mouse2_lib3.final_cell_0324,gamma,9,9
mouse2_lib3.final_cell_0325,endothelial,8,6
mouse2_lib3.final_cell_0326,beta,5,1
mouse2_lib3.final_cell_0327,beta,5,2
mouse2_lib3.final_cell_0328,alpha,4,7
mouse2_lib3.final_cell_0329,macrophage,11,12
mouse2_lib3.final_cell_0330,alpha,4,9
mouse2_lib3.final_cell_0331,ductal,7,11
mouse2_lib3.final_cell_0332,beta,5,1
mouse2_lib3.final_cell_0333,beta,5,1
mouse2_lib3.final_cell_0334,beta,5,1
mouse2_lib3.final_cell_0335,beta,5,1
mouse2_lib3.final_cell_0336,ductal,7,4
mouse2_lib3.final_cell_0337,beta,5,1
mouse2_lib3.final_cell_0338,endothelial,8,8
mouse2_lib3.final_cell_0339,alpha,4,2
mouse2_lib3.final_cell_0340,endothelial,8,6
mouse2_lib3.final_cell_0341,delta,6,2
mouse2_lib3.final_cell_0342,beta,5,1
mouse2_lib3.final_cell_0343,beta,5,1
mouse2_lib3.final_cell_0344,beta,5,1
mouse2_lib3.final_cell_0345,alpha,4,7
mouse2_lib3.final_cell_0346,beta,5,1
mouse2_lib3.final_cell_0347,quiescent_stellate,12,5
mouse2_lib3.final_cell_0348,beta,5,1
mouse2_lib3.final_cell_0349,alpha,4,7
mouse2_lib3.final_cell_0350,delta,6,2
mouse2_lib3.final_cell_0351,beta,5,1
mouse2_lib3.final_cell_0352,beta,5,1
mouse2_lib3.final_cell_0353,endothelial,8,10
mouse2_lib3.final_cell_0354,endothelial,8,8
mouse2_lib3.final_cell_0355,delta,6,2
mouse2_lib3.final_cell_0356,beta,5,7
mouse2_lib3.final_cell_0357,beta,5,1
mouse2_lib3.final_cell_0358,ductal,7,11
mouse2_lib3.final_cell_0359,quiescent_stellate,12,5
mouse2_lib3.final_cell_0360,ductal,7,4
mouse2_lib3.final_cell_0361,beta,5,1
mouse2_lib3.final_cell_0362,beta,5,1
mouse2_lib3.final_cell_0363,beta,5,1
mouse2_lib3.final_cell_0364,beta,5,7
mouse2_lib3.final_cell_0365,beta,5,1
mouse2_lib3.final_cell_0366,endothelial,8,6
mouse2_lib3.final_cell_0367,beta,5,1
mouse2_lib3.final_cell_0368,T_cell,2,13
mouse2_lib3.final_cell_0369,endothelial,8,8
mouse2_lib3.final_cell_0370,beta,5,1
mouse2_lib3.final_cell_0371,B_cell,1,13
mouse2_lib3.final_cell_0372,endothelial,8,6
mouse2_lib3.final_cell_0373,quiescent_stellate,12,5
mouse2_lib3.final_cell_0374,beta,5,1
mouse2_lib3.final_cell_0375,beta,5,1
mouse2_lib3.final_cell_0376,beta,5,1
mouse2_lib3.final_cell_0377,beta,5,1
mouse2_lib3.final_cell_0378,delta,6,2
mouse2_lib3.final_cell_0379,ductal,7,11
mouse2_lib3.final_cell_0380,ductal,7,11
mouse2_lib3.final_cell_0381,beta,5,7
mouse2_lib3.final_cell_0382,beta,5,1
mouse2_lib3.final_cell_0383,immune_other,10,13
mouse2_lib3.final_cell_0384,beta,5,1
mouse2_lib3.final_cell_0385,beta,5,1
mouse2_lib3.final_cell_0386,delta,6,2
mouse2_lib3.final_cell_0387,delta,6,2
mouse2_lib3.final_cell_0388,delta,6,2
mouse2_lib3.final_cell_0389,endothelial,8,10
mouse2_lib3.final_cell_0390,ductal,7,11
mouse2_lib3.final_cell_0391,beta,5,1
mouse2_lib3.final_cell_0392,beta,5,1
mouse2_lib3.final_cell_0393,ductal,7,4
mouse2_lib3.final_cell_0394,quiescent_stellate,12,5
mouse2_lib3.final_cell_0395,ductal,7,11
